제품코드,제품명,원료코드,원료명,소요량(g),단위
PD001,플틴플러스북유럽잡곡빵/밋슈디 300g,R001,I.S.P,6,g
PD001,플틴플러스북유럽잡곡빵/밋슈디 300g,R012,건크랜베리,12,g
PD001,플틴플러스북유럽잡곡빵/밋슈디 300g,R013,건포도,31,g
PD001,플틴플러스북유럽잡곡빵/밋슈디 300g,R038,몰트엑기스,1,g
PD001,플틴플러스북유럽잡곡빵/밋슈디 300g,R068,생이스트,3,g
PD001,플틴플러스북유럽잡곡빵/밋슈디 300g,R071,소금,2,g
PD001,플틴플러스북유럽잡곡빵/밋슈디 300g,R102,유기농 T55,61,g
PD001,플틴플러스북유럽잡곡빵/밋슈디 300g,R110,크라프트골드,37,g
PD001,플틴플러스북유럽잡곡빵/밋슈디 300g,R126,포도씨유,4,g
PD001,플틴플러스북유럽잡곡빵/밋슈디 300g,R136,해바라기씨,4,g
PD001,플틴플러스북유럽잡곡빵/밋슈디 300g,R76,유기농강력(터키),26,g
PD001,플틴플러스북유럽잡곡빵/밋슈디 300g,RM184,정제수,100,g
PD001,플틴플러스북유럽잡곡빵/밋슈디 300g,SF001,,12,g
PD002,크랜베리깜바뉴120g,R001,I.S.P,2,g
PD002,크랜베리깜바뉴120g,R012,건크랜베리,18,g
PD002,크랜베리깜바뉴120g,R038,몰트엑기스,0.23,g
PD002,크랜베리깜바뉴120g,R068,생이스트,0.23,g
PD002,크랜베리깜바뉴120g,R071,소금,1,g
PD002,크랜베리깜바뉴120g,R102,유기농 T55,22,g
PD002,크랜베리깜바뉴120g,R142,호두(분태),10,g
PD002,크랜베리깜바뉴120g,R143,호밀가루,9,g
PD002,크랜베리깜바뉴120g,R76,유기농강력(터키),10,g
PD002,크랜베리깜바뉴120g,RM184,정제수,93.6,g
PD002,크랜베리깜바뉴120g,RM211,통밀(스테인메츠),5,g
PD002,크랜베리깜바뉴120g,SF001,,14,g
PD003,통밀베이글 150g (3개),R038,몰트엑기스,5,g
PD003,통밀베이글 150g (3개),R064,비타민C,0.02,g
PD003,통밀베이글 150g (3개),R068,생이스트,0.7,g
PD003,통밀베이글 150g (3개),R071,소금,1.2,g
PD003,통밀베이글 150g (3개),R104,유기농통밀(사조),45,g
PD003,통밀베이글 150g (3개),R126,포도씨유,3,g
PD003,통밀베이글 150g (3개),RM184,정제수,45.7,g
PD003,통밀베이글 150g (3개),RM211,통밀(스테인메츠),30,g
PD003,통밀베이글 150g (3개),SF001,,10,g
PD003,통밀베이글 150g (3개),SF007,,12,g
PD004,통밀씨앗베이글120g,R038,몰트엑기스,5,g
PD004,통밀씨앗베이글120g,R064,비타민C,0.02,g
PD004,통밀씨앗베이글120g,R068,생이스트,1,g
PD004,통밀씨앗베이글120g,R071,소금,1,g
PD004,통밀씨앗베이글120g,R104,유기농통밀(사조),45,g
PD004,통밀씨앗베이글120g,R106,통깨,0.8,g
PD004,통밀씨앗베이글120g,R126,포도씨유,3,g
PD004,통밀씨앗베이글120g,R136,해바라기씨,0.9,g
PD004,통밀씨앗베이글120g,RM184,정제수,36.5,g
PD004,통밀씨앗베이글120g,RM211,통밀(스테인메츠),30,g
PD004,통밀씨앗베이글120g,SF001,,10,g
PD004,통밀씨앗베이글120g,SF007,,12,g
PD005,통밀베이글 150g (3개),R038,몰트엑기스,5,g
PD005,통밀베이글 150g (3개),R064,비타민C,0.02,g
PD005,통밀베이글 150g (3개),R068,생이스트,0.7,g
PD005,통밀베이글 150g (3개),R071,소금,1.2,g
PD005,통밀베이글 150g (3개),R104,유기농통밀(사조),45,g
PD005,통밀베이글 150g (3개),R126,포도씨유,3,g
PD005,통밀베이글 150g (3개),RM184,정제수,45.7,g
PD005,통밀베이글 150g (3개),RM211,통밀(스테인메츠),30,g
PD005,통밀베이글 150g (3개),SF001,,10,g
PD005,통밀베이글 150g (3개),SF007,,12,g
PD006,통밀씨앗베이글120g,R038,몰트엑기스,5,g
PD006,통밀씨앗베이글120g,R064,비타민C,0.02,g
PD006,통밀씨앗베이글120g,R068,생이스트,1,g
PD006,통밀씨앗베이글120g,R071,소금,1,g
PD006,통밀씨앗베이글120g,R104,유기농통밀(사조),45,g
PD006,통밀씨앗베이글120g,R106,통깨,0.8,g
PD006,통밀씨앗베이글120g,R126,포도씨유,3,g
PD006,통밀씨앗베이글120g,R136,해바라기씨,0.9,g
PD006,통밀씨앗베이글120g,RM184,정제수,36.5,g
PD006,통밀씨앗베이글120g,RM211,통밀(스테인메츠),30,g
PD006,통밀씨앗베이글120g,SF001,,10,g
PD006,통밀씨앗베이글120g,SF007,,12,g
PD007,모닝빵(6알)      (쿠팡9알)  36g~38g,R038,몰트엑기스,0.6,g
PD007,모닝빵(6알)      (쿠팡9알)  36g~38g,R040,물엿,3.1,g
PD007,모닝빵(6알)      (쿠팡9알)  36g~38g,R048,버터,24.7,g
PD007,모닝빵(6알)      (쿠팡9알)  36g~38g,R068,생이스트,5.4,g
PD007,모닝빵(6알)      (쿠팡9알)  36g~38g,R070,유기농(설탕),7.8,g
PD007,모닝빵(6알)      (쿠팡9알)  36g~38g,R071,소금,2.5,g
PD007,모닝빵(6알)      (쿠팡9알)  36g~38g,R100,우유,30.9,g
PD007,모닝빵(6알)      (쿠팡9알)  36g~38g,R101,유기농 T65,138.9,g
PD007,모닝빵(6알)      (쿠팡9알)  36g~38g,R102,유기농 T55,15.4,g
PD007,모닝빵(6알)      (쿠팡9알)  36g~38g,R103,전란,24.7,g
PD007,모닝빵(6알)      (쿠팡9알)  36g~38g,R137,해바라기유,9.3,g
PD007,모닝빵(6알)      (쿠팡9알)  36g~38g,RM1014,,30.9,g
PD007,모닝빵(6알)      (쿠팡9알)  36g~38g,RM184,정제수,30.9,g
PD008,국산단팥빵 54g,R038,몰트엑기스,0.1,g
PD008,국산단팥빵 54g,R040,물엿,1,g
PD008,국산단팥빵 54g,R048,버터,4,g
PD008,국산단팥빵 54g,R068,생이스트,1,g
PD008,국산단팥빵 54g,R070,유기농(설탕),4,g
PD008,국산단팥빵 54g,R071,소금,0.5,g
PD008,국산단팥빵 54g,R100,우유,5,g
PD008,국산단팥빵 54g,R101,유기농 T65,7,g
PD008,국산단팥빵 54g,R102,유기농 T55,16,g
PD008,국산단팥빵 54g,R103,전란,4,g
PD008,국산단팥빵 54g,R124,팥앙금,48,g
PD008,국산단팥빵 54g,R137,해바라기유,2,g
PD008,국산단팥빵 54g,R142,호두(분태),2,g
PD008,국산단팥빵 54g,RM184,정제수,5,g
PD008,국산단팥빵 54g,SF001,,5,g
PD009,론도  290g,R013,건포도,31,g
PD009,론도  290g,R038,몰트엑기스,1,g
PD009,론도  290g,R048,버터,3,g
PD009,론도  290g,R068,생이스트,2,g
PD009,론도  290g,R070,유기농(설탕),5,g
PD009,론도  290g,R071,소금,2,g
PD009,론도  290g,R101,유기농 T65,16,g
PD009,론도  290g,R102,유기농 T55,61,g
PD009,론도  290g,R112,탈지분유,3,g
PD009,론도  290g,R142,호두(분태),22,g
PD009,론도  290g,RM184,정제수,43,g
PD009,론도  290g,SF001,,23,g
PD009,론도  290g,SF003,,77,g
PD010,발효종건포도호두식빵 580g,R013,건포도,62,g
PD010,발효종건포도호두식빵 580g,R038,몰트엑기스,1,g
PD010,발효종건포도호두식빵 580g,R048,버터,7,g
PD010,발효종건포도호두식빵 580g,R068,생이스트,5,g
PD010,발효종건포도호두식빵 580g,R070,유기농(설탕),9,g
PD010,발효종건포도호두식빵 580g,R071,소금,4,g
PD010,발효종건포도호두식빵 580g,R101,유기농 T65,32,g
PD010,발효종건포도호두식빵 580g,R102,유기농 T55,122,g
PD010,발효종건포도호두식빵 580g,R112,탈지분유,7,g
PD010,발효종건포도호두식빵 580g,R142,호두(분태),43,g
PD010,발효종건포도호두식빵 580g,RM1014,,46,g
PD010,발효종건포도호두식빵 580g,RM184,정제수,87,g
PD010,발효종건포도호두식빵 580g,SF003,,77,g
PD013,플레인치아바타130g *3,R064,비타민C,0.5,g
PD013,플레인치아바타130g *3,R068,생이스트,5.6,g
PD013,플레인치아바타130g *3,R070,유기농(설탕),3.7,g
PD013,플레인치아바타130g *3,R071,소금,3.2,g
PD013,플레인치아바타130g *3,R101,유기농 T65,92.5,g
PD013,플레인치아바타130g *3,R102,유기농 T55,92.5,g
PD013,플레인치아바타130g *3,R127,올리브유,9.3,g
PD013,플레인치아바타130g *3,RM184,정제수,154.4,g
PD013,플레인치아바타130g *3,SF001,,37.1,g
PD014,크랜베리치아바타130g*3개,R012,건크랜베리,44,g
PD014,크랜베리치아바타130g*3개,R064,비타민C,0.4,g
PD014,크랜베리치아바타130g*3개,R068,생이스트,4.9,g
PD014,크랜베리치아바타130g*3개,R070,유기농(설탕),3.3,g
PD014,크랜베리치아바타130g*3개,R071,소금,2.8,g
PD014,크랜베리치아바타130g*3개,R101,유기농 T65,82.5,g
PD014,크랜베리치아바타130g*3개,R102,유기농 T55,82.5,g
PD014,크랜베리치아바타130g*3개,R127,올리브유,8.2,g
PD014,크랜베리치아바타130g*3개,RM184,정제수,137.4,g
PD014,크랜베리치아바타130g*3개,SF001,,33,g
PD015,크렌베리햄&치즈400g+,R012,건크랜베리,45,g
PD015,크렌베리햄&치즈400g+,R037,모짜렐라치즈,20,g
PD015,크렌베리햄&치즈400g+,R047,백설탕,3.4,g
PD015,크렌베리햄&치즈400g+,R064,비타민C,0.5,g
PD015,크렌베리햄&치즈400g+,R068,생이스트,5.1,g
PD015,크렌베리햄&치즈400g+,R071,소금,2.9,g
PD015,크렌베리햄&치즈400g+,R075,슬라이스햄,45,g
PD015,크렌베리햄&치즈400g+,R092,엑스트라 버진 올리브오일,8.5,g
PD015,크렌베리햄&치즈400g+,R101,유기농 T65,84.5,g
PD015,크렌베리햄&치즈400g+,R102,유기농 T55,84.5,g
PD015,크렌베리햄&치즈400g+,RM162,아메리칸슬라이스치즈,30.5,g
PD015,크렌베리햄&치즈400g+,RM184,정제수,140.9,g
PD015,크렌베리햄&치즈400g+,SF001,,33.8,g
PD016,단백질을더한 통밀식빵기존(220g*2),R001,I.S.P,4,g
PD016,단백질을더한 통밀식빵기존(220g*2),R048,버터,16,g
PD016,단백질을더한 통밀식빵기존(220g*2),R064,비타민C,0.03,g
PD016,단백질을더한 통밀식빵기존(220g*2),R068,생이스트,5,g
PD016,단백질을더한 통밀식빵기존(220g*2),R071,소금,4,g
PD016,단백질을더한 통밀식빵기존(220g*2),R114,통밀(사조),87.28,g
PD016,단백질을더한 통밀식빵기존(220g*2),R129,올리고당,20,g
PD016,단백질을더한 통밀식빵기존(220g*2),RM184,정제수,144.5,g
PD016,단백질을더한 통밀식빵기존(220g*2),RM211,통밀(스테인메츠),130.92,g
PD016,단백질을더한 통밀식빵기존(220g*2),SF002,,29,g
PD017,발효종 부드러운 통밀식빵550g,R001,I.S.P,3,g
PD017,발효종 부드러운 통밀식빵550g,R038,몰트엑기스,1.1,g
PD017,발효종 부드러운 통밀식빵550g,R048,버터,38,g
PD017,발효종 부드러운 통밀식빵550g,R068,생이스트,6.6,g
PD017,발효종 부드러운 통밀식빵550g,R071,소금,5,g
PD017,발효종 부드러운 통밀식빵550g,R100,우유,51,g
PD017,발효종 부드러운 통밀식빵550g,R103,전란,36.9,g
PD017,발효종 부드러운 통밀식빵550g,R104,유기농통밀(사조),154.2,g
PD017,발효종 부드러운 통밀식빵550g,R129,올리고당,42.9,g
PD017,발효종 부드러운 통밀식빵550g,R137,해바라기유,15,g
PD017,발효종 부드러운 통밀식빵550g,RM184,정제수,51,g
PD017,발효종 부드러운 통밀식빵550g,RM211,통밀(스테인메츠),102.8,g
PD018,통밀크랜베리크림치즈깜바뉴270 + 크림치즈90g,R012,건크랜베리,23,g
PD018,통밀크랜베리크림치즈깜바뉴270 + 크림치즈90g,R026,라임주스,5.5,g
PD018,통밀크랜베리크림치즈깜바뉴270 + 크림치즈90g,R038,몰트엑기스,1,g
PD018,통밀크랜베리크림치즈깜바뉴270 + 크림치즈90g,R047,백설탕,5,g
PD018,통밀크랜베리크림치즈깜바뉴270 + 크림치즈90g,R048,버터,7,g
PD018,통밀크랜베리크림치즈깜바뉴270 + 크림치즈90g,R068,생이스트,2,g
PD018,통밀크랜베리크림치즈깜바뉴270 + 크림치즈90g,R071,소금,2,g
PD018,통밀크랜베리크림치즈깜바뉴270 + 크림치즈90g,R111,크림치즈,90,g
PD018,통밀크랜베리크림치즈깜바뉴270 + 크림치즈90g,R114,통밀(사조),60,g
PD018,통밀크랜베리크림치즈깜바뉴270 + 크림치즈90g,R142,호두(분태),17,g
PD018,통밀크랜베리크림치즈깜바뉴270 + 크림치즈90g,RM184,정제수,42,g
PD018,통밀크랜베리크림치즈깜바뉴270 + 크림치즈90g,RM211,통밀(스테인메츠),15,g
PD018,통밀크랜베리크림치즈깜바뉴270 + 크림치즈90g,SF002,,23,g
PD018,통밀크랜베리크림치즈깜바뉴270 + 크림치즈90g,SF003,,75,g
PD019,카카오통밀크림치즈 깜바뉴270 + 크림치즈90g,R012,건크랜베리,41,g
PD019,카카오통밀크림치즈 깜바뉴270 + 크림치즈90g,R020,다크초코칩,23,g
PD019,카카오통밀크림치즈 깜바뉴270 + 크림치즈90g,R025,분말(코코아),5,g
PD019,카카오통밀크림치즈 깜바뉴270 + 크림치즈90g,R026,라임주스,3.5,g
PD019,카카오통밀크림치즈 깜바뉴270 + 크림치즈90g,R047,백설탕,2,g
PD019,카카오통밀크림치즈 깜바뉴270 + 크림치즈90g,R068,생이스트,4,g
PD019,카카오통밀크림치즈 깜바뉴270 + 크림치즈90g,R071,소금,2,g
PD019,카카오통밀크림치즈 깜바뉴270 + 크림치즈90g,R111,크림치즈,90,g
PD019,카카오통밀크림치즈 깜바뉴270 + 크림치즈90g,R114,통밀(사조),60.9,g
PD019,카카오통밀크림치즈 깜바뉴270 + 크림치즈90g,RM184,정제수,66,g
PD019,카카오통밀크림치즈 깜바뉴270 + 크림치즈90g,RM211,통밀(스테인메츠),26.1,g
PD019,카카오통밀크림치즈 깜바뉴270 + 크림치즈90g,SF002,,45,g
PD020,통밀호두단팥빵 (반죽60g)속 50g,R001,I.S.P,1.1,g
PD020,통밀호두단팥빵 (반죽60g)속 50g,R038,몰트엑기스,0.3,g
PD020,통밀호두단팥빵 (반죽60g)속 50g,R048,버터,14.6,g
PD020,통밀호두단팥빵 (반죽60g)속 50g,R068,생이스트,3,g
PD020,통밀호두단팥빵 (반죽60g)속 50g,R071,소금,1.7,g
PD020,통밀호두단팥빵 (반죽60g)속 50g,R100,우유,18.2,g
PD020,통밀호두단팥빵 (반죽60g)속 50g,R103,전란,14.1,g
PD020,통밀호두단팥빵 (반죽60g)속 50g,R104,유기농통밀(사조),63.7,g
PD020,통밀호두단팥빵 (반죽60g)속 50g,R124,팥앙금,144,g
PD020,통밀호두단팥빵 (반죽60g)속 50g,R129,올리고당,16.4,g
PD020,통밀호두단팥빵 (반죽60g)속 50g,R137,해바라기유,54.4,g
PD020,통밀호두단팥빵 (반죽60g)속 50g,R142,호두(분태),6,g
PD020,통밀호두단팥빵 (반죽60g)속 50g,RM1014,,10.9,g
PD020,통밀호두단팥빵 (반죽60g)속 50g,RM184,정제수,18.1,g
PD020,통밀호두단팥빵 (반죽60g)속 50g,RM211,통밀(스테인메츠),27.3,g
PD021,발효종 론도크림치즈 깜바뉴270 + 크림치즈90g,R013,건포도,29,g
PD021,발효종 론도크림치즈 깜바뉴270 + 크림치즈90g,R038,몰트엑기스,1,g
PD021,발효종 론도크림치즈 깜바뉴270 + 크림치즈90g,R048,버터,3,g
PD021,발효종 론도크림치즈 깜바뉴270 + 크림치즈90g,R068,생이스트,2,g
PD021,발효종 론도크림치즈 깜바뉴270 + 크림치즈90g,R070,유기농(설탕),4,g
PD021,발효종 론도크림치즈 깜바뉴270 + 크림치즈90g,R071,소금,2,g
PD021,발효종 론도크림치즈 깜바뉴270 + 크림치즈90g,R102,유기농 T55,22,g
PD021,발효종 론도크림치즈 깜바뉴270 + 크림치즈90g,R111,크림치즈,90,g
PD021,발효종 론도크림치즈 깜바뉴270 + 크림치즈90g,R112,탈지분유,3,g
PD021,발효종 론도크림치즈 깜바뉴270 + 크림치즈90g,R142,호두(분태),20,g
PD021,발효종 론도크림치즈 깜바뉴270 + 크림치즈90g,R76,유기농강력(터키),50,g
PD021,발효종 론도크림치즈 깜바뉴270 + 크림치즈90g,RM184,정제수,42,g
PD021,발효종 론도크림치즈 깜바뉴270 + 크림치즈90g,SF001,,22,g
PD021,발효종 론도크림치즈 깜바뉴270 + 크림치즈90g,SF003,,72,g
PD022,통밀모닝(6알)    (쿠팡9알) 36g~38g,R001,I.S.P,1.9,g
PD022,통밀모닝(6알)    (쿠팡9알) 36g~38g,R038,몰트엑기스,0.6,g
PD022,통밀모닝(6알)    (쿠팡9알) 36g~38g,R048,버터,24.9,g
PD022,통밀모닝(6알)    (쿠팡9알) 36g~38g,R068,생이스트,5.2,g
PD022,통밀모닝(6알)    (쿠팡9알) 36g~38g,R071,소금,2.8,g
PD022,통밀모닝(6알)    (쿠팡9알) 36g~38g,R100,우유,31,g
PD022,통밀모닝(6알)    (쿠팡9알) 36g~38g,R103,전란,24.2,g
PD022,통밀모닝(6알)    (쿠팡9알) 36g~38g,R104,유기농통밀(사조),93.3,g
PD022,통밀모닝(6알)    (쿠팡9알) 36g~38g,R129,올리고당,28.1,g
PD022,통밀모닝(6알)    (쿠팡9알) 36g~38g,R137,해바라기유,9.3,g
PD022,통밀모닝(6알)    (쿠팡9알) 36g~38g,RM184,정제수,31,g
PD022,통밀모닝(6알)    (쿠팡9알) 36g~38g,RM211,통밀(스테인메츠),62.2,g
PD023,통밀올리브  (쿠팡130g/다노110g),R002,W.P.C,21.9,g
PD023,통밀올리브  (쿠팡130g/다노110g),R063,블랙올리브(슬라이스),41.7,g
PD023,통밀올리브  (쿠팡130g/다노110g),R064,비타민C,0.01,g
PD023,통밀올리브  (쿠팡130g/다노110g),R068,생이스트,3,g
PD023,통밀올리브  (쿠팡130g/다노110g),R071,소금,3,g
PD023,통밀올리브  (쿠팡130g/다노110g),R114,통밀(사조),103.95,g
PD023,통밀올리브  (쿠팡130g/다노110g),R127,올리브유,7.8,g
PD023,통밀올리브  (쿠팡130g/다노110g),R129,올리고당,3.4,g
PD023,통밀올리브  (쿠팡130g/다노110g),RM184,정제수,133.8,g
PD023,통밀올리브  (쿠팡130g/다노110g),RM211,통밀(스테인메츠),44.55,g
PD023,통밀올리브  (쿠팡130g/다노110g),SF002,,10,g
PD024,순우유식빵 /쿠팡순수우유     560g,R038,몰트엑기스,1,g
PD024,순우유식빵 /쿠팡순수우유     560g,R048,버터,24,g
PD024,순우유식빵 /쿠팡순수우유     560g,R068,생이스트,8,g
PD024,순우유식빵 /쿠팡순수우유     560g,R070,유기농(설탕),29,g
PD024,순우유식빵 /쿠팡순수우유     560g,R071,소금,5,g
PD024,순우유식빵 /쿠팡순수우유     560g,R100,우유,126,g
PD024,순우유식빵 /쿠팡순수우유     560g,R101,유기농 T65,70,g
PD024,순우유식빵 /쿠팡순수우유     560g,R102,유기농 T55,162,g
PD024,순우유식빵 /쿠팡순수우유     560g,RM184,정제수,13.3,g
PD024,순우유식빵 /쿠팡순수우유     560g,SF001,,49,g
PD024,순우유식빵 /쿠팡순수우유     560g,SF006,,73,g
PD025,발효종 그린올리브앤롤치즈식빵/쿠팡,R032,롤치즈,45,g
PD025,발효종 그린올리브앤롤치즈식빵/쿠팡,R038,몰트엑기스,1,g
PD025,발효종 그린올리브앤롤치즈식빵/쿠팡,R048,버터,21,g
PD025,발효종 그린올리브앤롤치즈식빵/쿠팡,R068,생이스트,7,g
PD025,발효종 그린올리브앤롤치즈식빵/쿠팡,R070,유기농(설탕),25,g
PD025,발효종 그린올리브앤롤치즈식빵/쿠팡,R071,소금,4,g
PD025,발효종 그린올리브앤롤치즈식빵/쿠팡,R100,우유,110,g
PD025,발효종 그린올리브앤롤치즈식빵/쿠팡,R101,유기농 T65,61,g
PD025,발효종 그린올리브앤롤치즈식빵/쿠팡,R102,유기농 T55,142,g
PD025,발효종 그린올리브앤롤치즈식빵/쿠팡,R146,그린올리브(홀),65,g
PD025,발효종 그린올리브앤롤치즈식빵/쿠팡,RM184,정제수,17,g
PD025,발효종 그린올리브앤롤치즈식빵/쿠팡,SF001,,43,g
PD025,발효종 그린올리브앤롤치즈식빵/쿠팡,SF006,,64,g
PD026,그린올리브롤치즈 식빵450g /컬리,R032,롤치즈,34,g
PD026,그린올리브롤치즈 식빵450g /컬리,R038,몰트엑기스,1,g
PD026,그린올리브롤치즈 식빵450g /컬리,R048,버터,21,g
PD026,그린올리브롤치즈 식빵450g /컬리,R068,생이스트,7,g
PD026,그린올리브롤치즈 식빵450g /컬리,R070,유기농(설탕),25,g
PD026,그린올리브롤치즈 식빵450g /컬리,R071,소금,4,g
PD026,그린올리브롤치즈 식빵450g /컬리,R100,우유,110,g
PD026,그린올리브롤치즈 식빵450g /컬리,R101,유기농 T65,61,g
PD026,그린올리브롤치즈 식빵450g /컬리,R102,유기농 T55,142,g
PD026,그린올리브롤치즈 식빵450g /컬리,R146,그린올리브(홀),49,g
PD026,그린올리브롤치즈 식빵450g /컬리,RM184,정제수,13,g
PD026,그린올리브롤치즈 식빵450g /컬리,SF001,,43,g
PD026,그린올리브롤치즈 식빵450g /컬리,SF006,,64,g
PD027,치즈가득우유식빵 220+35+45,R038,몰트엑기스,1,g
PD027,치즈가득우유식빵 220+35+45,R048,버터,21,g
PD027,치즈가득우유식빵 220+35+45,R068,생이스트,7,g
PD027,치즈가득우유식빵 220+35+45,R070,유기농(설탕),25,g
PD027,치즈가득우유식빵 220+35+45,R071,소금,4,g
PD027,치즈가득우유식빵 220+35+45,R090,에멘탈치즈스프레드,120,g
PD027,치즈가득우유식빵 220+35+45,R100,우유,110,g
PD027,치즈가득우유식빵 220+35+45,R101,유기농 T65,61,g
PD027,치즈가득우유식빵 220+35+45,R102,유기농 T55,142,g
PD027,치즈가득우유식빵 220+35+45,R73,체다큐브치즈,80,g
PD027,치즈가득우유식빵 220+35+45,RM184,정제수,15,g
PD027,치즈가득우유식빵 220+35+45,SF001,,43,g
PD027,치즈가득우유식빵 220+35+45,SF006,,64,g
PD028,치즈가득 브레드 280+40+60+모짜레라토핑,R037,모짜렐라치즈,3,g
PD028,치즈가득 브레드 280+40+60+모짜레라토핑,R038,몰트엑기스,1,g
PD028,치즈가득 브레드 280+40+60+모짜레라토핑,R048,버터,21,g
PD028,치즈가득 브레드 280+40+60+모짜레라토핑,R068,생이스트,7,g
PD028,치즈가득 브레드 280+40+60+모짜레라토핑,R070,유기농(설탕),25,g
PD028,치즈가득 브레드 280+40+60+모짜레라토핑,R071,소금,4,g
PD028,치즈가득 브레드 280+40+60+모짜레라토핑,R090,에멘탈치즈스프레드,60,g
PD028,치즈가득 브레드 280+40+60+모짜레라토핑,R100,우유,110,g
PD028,치즈가득 브레드 280+40+60+모짜레라토핑,R101,유기농 T65,61,g
PD028,치즈가득 브레드 280+40+60+모짜레라토핑,R102,유기농 T55,142,g
PD028,치즈가득 브레드 280+40+60+모짜레라토핑,R73,체다큐브치즈,40,g
PD028,치즈가득 브레드 280+40+60+모짜레라토핑,RM184,정제수,10,g
PD028,치즈가득 브레드 280+40+60+모짜레라토핑,SF001,,43,g
PD028,치즈가득 브레드 280+40+60+모짜레라토핑,SF006,,64,g
PD029,블랙라바  155g,R010,건조파인애플다이스,3,g
PD029,블랙라바  155g,R011,건조파파야다이스,3,g
PD029,블랙라바  155g,R013,건포도,5,g
PD029,블랙라바  155g,R048,버터,19,g
PD029,블랙라바  155g,R068,생이스트,2,g
PD029,블랙라바  155g,R070,유기농(설탕),14,g
PD029,블랙라바  155g,R071,소금,1,g
PD029,블랙라바  155g,R095,오징어먹물,1,g
PD029,블랙라바  155g,R100,우유,5,g
PD029,블랙라바  155g,R101,유기농 T65,17,g
PD029,블랙라바  155g,R102,유기농 T55,39,g
PD029,블랙라바  155g,R103,전란,14,g
PD029,블랙라바  155g,R104,유기농통밀(사조),8,g
PD029,블랙라바  155g,R142,호두(분태),4,g
PD029,블랙라바  155g,RM162,아메리칸슬라이스치즈,30,g
PD029,블랙라바  155g,RM184,정제수,21.3,g
PD029,블랙라바  155g,SF001,,3,g
PD030,쿠팡 오징어 먹물크런치 (230g),R010,건조파인애플다이스,4,g
PD030,쿠팡 오징어 먹물크런치 (230g),R011,건조파파야다이스,4,g
PD030,쿠팡 오징어 먹물크런치 (230g),R013,건포도,4,g
PD030,쿠팡 오징어 먹물크런치 (230g),R016,난백,5.5,g
PD030,쿠팡 오징어 먹물크런치 (230g),R048,버터,28.5,g
PD030,쿠팡 오징어 먹물크런치 (230g),R068,생이스트,3.2,g
PD030,쿠팡 오징어 먹물크런치 (230g),R070,유기농(설탕),34.5,g
PD030,쿠팡 오징어 먹물크런치 (230g),R071,소금,1.7,g
PD030,쿠팡 오징어 먹물크런치 (230g),R095,오징어먹물,1.7,g
PD030,쿠팡 오징어 먹물크런치 (230g),R100,우유,8.1,g
PD030,쿠팡 오징어 먹물크런치 (230g),R101,유기농 T65,25.05,g
PD030,쿠팡 오징어 먹물크런치 (230g),R102,유기농 T55,58.45,g
PD030,쿠팡 오징어 먹물크런치 (230g),R103,전란,20.3,g
PD030,쿠팡 오징어 먹물크런치 (230g),R142,호두(분태),18.5,g
PD030,쿠팡 오징어 먹물크런치 (230g),RM162,아메리칸슬라이스치즈,40,g
PD030,쿠팡 오징어 먹물크런치 (230g),RM184,정제수,24.4,g
PD030,쿠팡 오징어 먹물크런치 (230g),RM211,통밀(스테인메츠),12.2,g
PD030,쿠팡 오징어 먹물크런치 (230g),SF001,,4.1,g
PD031,촉촉이식빵/쿠팡고소한 (220gx2)/탕종식빵,R048,버터,19,g
PD031,촉촉이식빵/쿠팡고소한 (220gx2)/탕종식빵,R068,생이스트,5,g
PD031,촉촉이식빵/쿠팡고소한 (220gx2)/탕종식빵,R070,유기농(설탕),19,g
PD031,촉촉이식빵/쿠팡고소한 (220gx2)/탕종식빵,R071,소금,3,g
PD031,촉촉이식빵/쿠팡고소한 (220gx2)/탕종식빵,R100,우유,66,g
PD031,촉촉이식빵/쿠팡고소한 (220gx2)/탕종식빵,R101,유기농 T65,53,g
PD031,촉촉이식빵/쿠팡고소한 (220gx2)/탕종식빵,R102,유기농 T55,129,g
PD031,촉촉이식빵/쿠팡고소한 (220gx2)/탕종식빵,R112,탈지분유,7,g
PD031,촉촉이식빵/쿠팡고소한 (220gx2)/탕종식빵,R121,파인소프트-T,16,g
PD031,촉촉이식빵/쿠팡고소한 (220gx2)/탕종식빵,RM184,정제수,46.3,g
PD031,촉촉이식빵/쿠팡고소한 (220gx2)/탕종식빵,SF001,,33,g
PD031,촉촉이식빵/쿠팡고소한 (220gx2)/탕종식빵,SF006,,53,g
PD032,고소한 호밀통밀빵' 780g,R038,몰트엑기스,3,g
PD032,고소한 호밀통밀빵' 780g,R068,생이스트,6,g
PD032,고소한 호밀통밀빵' 780g,R071,소금,5,g
PD032,고소한 호밀통밀빵' 780g,R104,유기농통밀(사조),63,g
PD032,고소한 호밀통밀빵' 780g,R114,통밀(사조),105,g
PD032,고소한 호밀통밀빵' 780g,R136,해바라기씨,41,g
PD032,고소한 호밀통밀빵' 780g,R142,호두(분태),31,g
PD032,고소한 호밀통밀빵' 780g,R143,호밀가루,99,g
PD032,고소한 호밀통밀빵' 780g,RM147,호박씨,41,g
PD032,고소한 호밀통밀빵' 780g,RM184,정제수,207,g
PD032,고소한 호밀통밀빵' 780g,RM211,통밀(스테인메츠),42,g
PD032,고소한 호밀통밀빵' 780g,SF002,,33,g
PD032,고소한 호밀통밀빵' 780g,SF008,,82,g
PD033,고소한 호밀통밀빵' 1/2g(380g),R038,몰트엑기스,3,g
PD033,고소한 호밀통밀빵' 1/2g(380g),R068,생이스트,6,g
PD033,고소한 호밀통밀빵' 1/2g(380g),R071,소금,5,g
PD033,고소한 호밀통밀빵' 1/2g(380g),R104,유기농통밀(사조),63,g
PD033,고소한 호밀통밀빵' 1/2g(380g),R114,통밀(사조),105,g
PD033,고소한 호밀통밀빵' 1/2g(380g),R136,해바라기씨,41,g
PD033,고소한 호밀통밀빵' 1/2g(380g),R142,호두(분태),31,g
PD033,고소한 호밀통밀빵' 1/2g(380g),R143,호밀가루,99,g
PD033,고소한 호밀통밀빵' 1/2g(380g),RM147,호박씨,41,g
PD033,고소한 호밀통밀빵' 1/2g(380g),RM184,정제수,207,g
PD033,고소한 호밀통밀빵' 1/2g(380g),RM211,통밀(스테인메츠),42,g
PD033,고소한 호밀통밀빵' 1/2g(380g),SF002,,33,g
PD033,고소한 호밀통밀빵' 1/2g(380g),SF008,,82,g
PD034,호밀통밀크렌베리빵 710g,R012,건크랜베리,59,g
PD034,호밀통밀크렌베리빵 710g,R038,몰트엑기스,3,g
PD034,호밀통밀크렌베리빵 710g,R068,생이스트,6,g
PD034,호밀통밀크렌베리빵 710g,R071,소금,5,g
PD034,호밀통밀크렌베리빵 710g,R104,유기농통밀(사조),69,g
PD034,호밀통밀크렌베리빵 710g,R114,통밀(사조),115,g
PD034,호밀통밀크렌베리빵 710g,R136,해바라기씨,41,g
PD034,호밀통밀크렌베리빵 710g,R142,호두(분태),31,g
PD034,호밀통밀크렌베리빵 710g,R143,호밀가루,99,g
PD034,호밀통밀크렌베리빵 710g,RM147,호박씨,41,g
PD034,호밀통밀크렌베리빵 710g,RM184,정제수,188.1,g
PD034,호밀통밀크렌베리빵 710g,RM211,통밀(스테인메츠),46,g
PD034,호밀통밀크렌베리빵 710g,SF002,,33,g
PD034,호밀통밀크렌베리빵 710g,SF008,,82,g
PD035,호밀통밀무화과빵 450g 속 120 g,R007,건조무화과,120,g
PD035,호밀통밀무화과빵 450g 속 120 g,R038,몰트엑기스,2,g
PD035,호밀통밀무화과빵 450g 속 120 g,R064,비타민C,0.03,g
PD035,호밀통밀무화과빵 450g 속 120 g,R068,생이스트,4,g
PD035,호밀통밀무화과빵 450g 속 120 g,R071,소금,4,g
PD035,호밀통밀무화과빵 450g 속 120 g,R104,유기농통밀(사조),51,g
PD035,호밀통밀무화과빵 450g 속 120 g,R114,통밀(사조),86,g
PD035,호밀통밀무화과빵 450g 속 120 g,R143,호밀가루,73,g
PD035,호밀통밀무화과빵 450g 속 120 g,RM184,정제수,171,g
PD035,호밀통밀무화과빵 450g 속 120 g,RM211,통밀(스테인메츠),34,g
PD035,호밀통밀무화과빵 450g 속 120 g,SF002,,24,g
PD035,호밀통밀무화과빵 450g 속 120 g,SF008,,61,g
PD036,순수호밀통밀450g플레인,R038,몰트엑기스,2,g
PD036,순수호밀통밀450g플레인,R064,비타민C,0.03,g
PD036,순수호밀통밀450g플레인,R068,생이스트,4,g
PD036,순수호밀통밀450g플레인,R071,소금,4,g
PD036,순수호밀통밀450g플레인,R104,유기농통밀(사조),51,g
PD036,순수호밀통밀450g플레인,R114,통밀(사조),86,g
PD036,순수호밀통밀450g플레인,R143,호밀가루,73,g
PD036,순수호밀통밀450g플레인,RM184,정제수,283,g
PD036,순수호밀통밀450g플레인,RM211,통밀(스테인메츠),34,g
PD036,순수호밀통밀450g플레인,SF002,,24,g
PD036,순수호밀통밀450g플레인,SF008,,61,g
PD037,순수 호밀통밀빵 820g,R104,유기농통밀(사조),85,g
PD038,순수호밀통밀식빵630g (촉촉이틀)한덩어리로,R038,몰트엑기스,3,g
PD038,순수호밀통밀식빵630g (촉촉이틀)한덩어리로,R064,비타민C,0.04,g
PD038,순수호밀통밀식빵630g (촉촉이틀)한덩어리로,R068,생이스트,6,g
PD038,순수호밀통밀식빵630g (촉촉이틀)한덩어리로,R071,소금,5,g
PD038,순수호밀통밀식빵630g (촉촉이틀)한덩어리로,R104,유기농통밀(사조),68,g
PD038,순수호밀통밀식빵630g (촉촉이틀)한덩어리로,R114,통밀(사조),114,g
PD038,순수호밀통밀식빵630g (촉촉이틀)한덩어리로,R143,호밀가루,97,g
PD038,순수호밀통밀식빵630g (촉촉이틀)한덩어리로,RM184,정제수,228,g
PD038,순수호밀통밀식빵630g (촉촉이틀)한덩어리로,RM211,통밀(스테인메츠),45,g
PD038,순수호밀통밀식빵630g (촉촉이틀)한덩어리로,SF002,,32,g
PD038,순수호밀통밀식빵630g (촉촉이틀)한덩어리로,SF008,,81,g
PD039,순수호밀통밀포켓  (110g분할) 1호 무스틀,R038,몰트엑기스,2,g
PD039,순수호밀통밀포켓  (110g분할) 1호 무스틀,R064,비타민C,0.03,g
PD039,순수호밀통밀포켓  (110g분할) 1호 무스틀,R068,생이스트,4,g
PD039,순수호밀통밀포켓  (110g분할) 1호 무스틀,R071,소금,4,g
PD039,순수호밀통밀포켓  (110g분할) 1호 무스틀,R104,유기농통밀(사조),50,g
PD039,순수호밀통밀포켓  (110g분할) 1호 무스틀,R114,통밀(사조),83,g
PD039,순수호밀통밀포켓  (110g분할) 1호 무스틀,R143,호밀가루,71,g
PD039,순수호밀통밀포켓  (110g분할) 1호 무스틀,RM184,정제수,150.6,g
PD039,순수호밀통밀포켓  (110g분할) 1호 무스틀,RM211,통밀(스테인메츠),33,g
PD039,순수호밀통밀포켓  (110g분할) 1호 무스틀,SF002,,24,g
PD039,순수호밀통밀포켓  (110g분할) 1호 무스틀,SF008,,59,g
PD040,순수호밀통밀 롱 바케트 380g 38cm*2개입,R038,몰트엑기스,2,g
PD040,순수호밀통밀 롱 바케트 380g 38cm*2개입,R064,비타민C,0.02,g
PD040,순수호밀통밀 롱 바케트 380g 38cm*2개입,R068,생이스트,3,g
PD040,순수호밀통밀 롱 바케트 380g 38cm*2개입,R071,소금,3,g
PD040,순수호밀통밀 롱 바케트 380g 38cm*2개입,R104,유기농통밀(사조),39,g
PD040,순수호밀통밀 롱 바케트 380g 38cm*2개입,R114,통밀(사조),65,g
PD040,순수호밀통밀 롱 바케트 380g 38cm*2개입,R143,호밀가루,56,g
PD040,순수호밀통밀 롱 바케트 380g 38cm*2개입,RM184,정제수,210.2,g
PD040,순수호밀통밀 롱 바케트 380g 38cm*2개입,RM211,통밀(스테인메츠),26,g
PD040,순수호밀통밀 롱 바케트 380g 38cm*2개입,SF002,,19,g
PD040,순수호밀통밀 롱 바케트 380g 38cm*2개입,SF008,,47,g
PD041,프로틴우유식빵(270*2)-대가다-,R002,W.P.C,23,g
PD041,프로틴우유식빵(270*2)-대가다-,R038,몰트엑기스,1,g
PD041,프로틴우유식빵(270*2)-대가다-,R048,버터,28,g
PD041,프로틴우유식빵(270*2)-대가다-,R068,생이스트,7,g
PD041,프로틴우유식빵(270*2)-대가다-,R070,유기농(설탕),23,g
PD041,프로틴우유식빵(270*2)-대가다-,R071,소금,4,g
PD041,프로틴우유식빵(270*2)-대가다-,R100,우유,49,g
PD041,프로틴우유식빵(270*2)-대가다-,R101,유기농 T65,33,g
PD041,프로틴우유식빵(270*2)-대가다-,R102,유기농 T55,168,g
PD041,프로틴우유식빵(270*2)-대가다-,RM184,정제수,67.8,g
PD041,프로틴우유식빵(270*2)-대가다-,SF001,,47,g
PD041,프로틴우유식빵(270*2)-대가다-,SF006,,99,g
PD042,발효종순수통밀빵800g(빵오르빵),R038,몰트엑기스,4,g
PD042,발효종순수통밀빵800g(빵오르빵),R064,비타민C,0.03,g
PD042,발효종순수통밀빵800g(빵오르빵),R068,생이스트,10,g
PD042,발효종순수통밀빵800g(빵오르빵),R071,소금,6,g
PD042,발효종순수통밀빵800g(빵오르빵),R114,통밀(사조),316,g
PD042,발효종순수통밀빵800g(빵오르빵),RM184,정제수,246.8,g
PD042,발효종순수통밀빵800g(빵오르빵),RM211,통밀(스테인메츠),79,g
PD042,발효종순수통밀빵800g(빵오르빵),SF002,,39,g
PD042,발효종순수통밀빵800g(빵오르빵),SF008,,99,g
PD043,발효종순수통밀빵420g(1/2사이즈),R038,몰트엑기스,2,g
PD043,발효종순수통밀빵420g(1/2사이즈),R064,비타민C,0.02,g
PD043,발효종순수통밀빵420g(1/2사이즈),R068,생이스트,6,g
PD043,발효종순수통밀빵420g(1/2사이즈),R071,소금,4,g
PD043,발효종순수통밀빵420g(1/2사이즈),R114,통밀(사조),178,g
PD043,발효종순수통밀빵420g(1/2사이즈),RM184,정제수,127.7,g
PD043,발효종순수통밀빵420g(1/2사이즈),RM211,통밀(스테인메츠),44,g
PD043,발효종순수통밀빵420g(1/2사이즈),SF002,,22,g
PD043,발효종순수통밀빵420g(1/2사이즈),SF008,,56,g
PD044,통밀포켓브레드 (110g분할) 1호 무스틀,R038,몰트엑기스,2,g
PD044,통밀포켓브레드 (110g분할) 1호 무스틀,R064,비타민C,0.02,g
PD044,통밀포켓브레드 (110g분할) 1호 무스틀,R068,생이스트,6,g
PD044,통밀포켓브레드 (110g분할) 1호 무스틀,R071,소금,4,g
PD044,통밀포켓브레드 (110g분할) 1호 무스틀,R114,통밀(사조),178,g
PD044,통밀포켓브레드 (110g분할) 1호 무스틀,RM184,정제수,148,g
PD044,통밀포켓브레드 (110g분할) 1호 무스틀,RM211,통밀(스테인메츠),44,g
PD044,통밀포켓브레드 (110g분할) 1호 무스틀,SF002,,24,g
PD044,통밀포켓브레드 (110g분할) 1호 무스틀,SF008,,59,g
PD045,통밀 롱 바게트380g 38cm,R038,몰트엑기스,4,g
PD045,통밀 롱 바게트380g 38cm,R068,생이스트,9,g
PD045,통밀 롱 바게트380g 38cm,R071,소금,6,g
PD045,통밀 롱 바게트380g 38cm,R114,통밀(사조),300,g
PD045,통밀 롱 바게트380g 38cm,RM184,정제수,210.2,g
PD045,통밀 롱 바게트380g 38cm,RM211,통밀(스테인메츠),75,g
PD045,통밀 롱 바게트380g 38cm,SF002,,38,g
PD045,통밀 롱 바게트380g 38cm,SF008,,94,g
PD046,호밀잡곡 340g무화과86g 피칸33g 깜바뉴,R007,건조무화과,86,g
PD046,호밀잡곡 340g무화과86g 피칸33g 깜바뉴,R038,몰트엑기스,1,g
PD046,호밀잡곡 340g무화과86g 피칸33g 깜바뉴,R068,생이스트,6,g
PD046,호밀잡곡 340g무화과86g 피칸33g 깜바뉴,R071,소금,7,g
PD046,호밀잡곡 340g무화과86g 피칸33g 깜바뉴,R101,유기농 T65,82,g
PD046,호밀잡곡 340g무화과86g 피칸33g 깜바뉴,R102,유기농 T55,191,g
PD046,호밀잡곡 340g무화과86g 피칸33g 깜바뉴,R110,크라프트골드,59,g
PD046,호밀잡곡 340g무화과86g 피칸33g 깜바뉴,R134,피칸,33,g
PD046,호밀잡곡 340g무화과86g 피칸33g 깜바뉴,R143,호밀가루,22,g
PD046,호밀잡곡 340g무화과86g 피칸33g 깜바뉴,RM184,정제수,91.9,g
PD046,호밀잡곡 340g무화과86g 피칸33g 깜바뉴,SF001,,110,g
PD046,호밀잡곡 340g무화과86g 피칸33g 깜바뉴,SF003,,74,g
PD046,호밀잡곡 340g무화과86g 피칸33g 깜바뉴,SF006,,44,g
PD047,멀티그레인 호밀 크렌베리 깜바뉴 460g/120g,R012,건크랜베리,120,g
PD047,멀티그레인 호밀 크렌베리 깜바뉴 460g/120g,R038,몰트엑기스,1,g
PD047,멀티그레인 호밀 크렌베리 깜바뉴 460g/120g,R064,비타민C,0.05,g
PD047,멀티그레인 호밀 크렌베리 깜바뉴 460g/120g,R068,생이스트,4,g
PD047,멀티그레인 호밀 크렌베리 깜바뉴 460g/120g,R071,소금,4,g
PD047,멀티그레인 호밀 크렌베리 깜바뉴 460g/120g,R101,유기농 T65,47.1,g
PD047,멀티그레인 호밀 크렌베리 깜바뉴 460g/120g,R102,유기농 T55,109.9,g
PD047,멀티그레인 호밀 크렌베리 깜바뉴 460g/120g,R110,크라프트골드,34,g
PD047,멀티그레인 호밀 크렌베리 깜바뉴 460g/120g,R143,호밀가루,13,g
PD047,멀티그레인 호밀 크렌베리 깜바뉴 460g/120g,RM184,정제수,117,g
PD047,멀티그레인 호밀 크렌베리 깜바뉴 460g/120g,SF001,,64,g
PD047,멀티그레인 호밀 크렌베리 깜바뉴 460g/120g,SF003,,414.4,g
PD047,멀티그레인 호밀 크렌베리 깜바뉴 460g/120g,SF006,,24.9,g
PD048,호밀잡곡브레드 770g,R038,몰트엑기스,1,g
PD048,호밀잡곡브레드 770g,R064,비타민C,0.05,g
PD048,호밀잡곡브레드 770g,R068,생이스트,4,g
PD048,호밀잡곡브레드 770g,R071,소금,4,g
PD048,호밀잡곡브레드 770g,R101,유기농 T65,47,g
PD048,호밀잡곡브레드 770g,R102,유기농 T55,110,g
PD048,호밀잡곡브레드 770g,R110,크라프트골드,34,g
PD048,호밀잡곡브레드 770g,R143,호밀가루,13,g
PD048,호밀잡곡브레드 770g,RM184,정제수,83.4,g
PD048,호밀잡곡브레드 770g,SF001,,64,g
PD048,호밀잡곡브레드 770g,SF003,,42,g
PD048,호밀잡곡브레드 770g,SF006,,25,g
PD049,호밀잡곡브레드 460g,R038,몰트엑기스,1,g
PD049,호밀잡곡브레드 460g,R064,비타민C,0.05,g
PD049,호밀잡곡브레드 460g,R068,생이스트,4,g
PD049,호밀잡곡브레드 460g,R071,소금,4,g
PD049,호밀잡곡브레드 460g,R101,유기농 T65,47,g
PD049,호밀잡곡브레드 460g,R102,유기농 T55,110,g
PD049,호밀잡곡브레드 460g,R110,크라프트골드,34,g
PD049,호밀잡곡브레드 460g,R143,호밀가루,13,g
PD049,호밀잡곡브레드 460g,RM184,정제수,83.4,g
PD049,호밀잡곡브레드 460g,SF001,,64,g
PD049,호밀잡곡브레드 460g,SF003,,42,g
PD049,호밀잡곡브레드 460g,SF006,,25,g
PD050,호밀통밀브레드 (뱅오) 770g,R038,몰트엑기스,1,g
PD050,호밀통밀브레드 (뱅오) 770g,R064,비타민C,0.04,g
PD050,호밀통밀브레드 (뱅오) 770g,R068,생이스트,8,g
PD050,호밀통밀브레드 (뱅오) 770g,R071,소금,8,g
PD050,호밀통밀브레드 (뱅오) 770g,R102,유기농 T55,214,g
PD050,호밀통밀브레드 (뱅오) 770g,R117,유기농밀가루(제빵용),92,g
PD050,호밀통밀브레드 (뱅오) 770g,R143,호밀가루,48,g
PD050,호밀통밀브레드 (뱅오) 770g,RM184,정제수,207,g
PD050,호밀통밀브레드 (뱅오) 770g,RM211,통밀(스테인메츠),29,g
PD050,호밀통밀브레드 (뱅오) 770g,SF001,,38,g
PD050,호밀통밀브레드 (뱅오) 770g,SF003,,95,g
PD051,호밀통밀브레드 (뱅오)460g,R038,몰트엑기스,1,g
PD051,호밀통밀브레드 (뱅오)460g,R064,비타민C,0.04,g
PD051,호밀통밀브레드 (뱅오)460g,R068,생이스트,8,g
PD051,호밀통밀브레드 (뱅오)460g,R071,소금,8,g
PD051,호밀통밀브레드 (뱅오)460g,R102,유기농 T55,214,g
PD051,호밀통밀브레드 (뱅오)460g,R117,유기농밀가루(제빵용),92,g
PD051,호밀통밀브레드 (뱅오)460g,R143,호밀가루,48,g
PD051,호밀통밀브레드 (뱅오)460g,RM184,정제수,207,g
PD051,호밀통밀브레드 (뱅오)460g,RM211,통밀(스테인메츠),29,g
PD051,호밀통밀브레드 (뱅오)460g,SF001,,38,g
PD051,호밀통밀브레드 (뱅오)460g,SF003,,95,g
PD052,호밀통밀그린올리브로즈마리 770g,R015,그린올리브(슬라이스),110,g
PD052,호밀통밀그린올리브로즈마리 770g,R038,몰트엑기스,1,g
PD052,호밀통밀그린올리브로즈마리 770g,R068,생이스트,7,g
PD052,호밀통밀그린올리브로즈마리 770g,R071,소금,7,g
PD052,호밀통밀그린올리브로즈마리 770g,R101,유기농 T65,78,g
PD052,호밀통밀그린올리브로즈마리 770g,R102,유기농 T55,183,g
PD052,호밀통밀그린올리브로즈마리 770g,R143,호밀가루,41,g
PD052,호밀통밀그린올리브로즈마리 770g,RM184,정제수,204.4,g
PD052,호밀통밀그린올리브로즈마리 770g,RM211,통밀(스테인메츠),25,g
PD052,호밀통밀그린올리브로즈마리 770g,SF001,,33,g
PD052,호밀통밀그린올리브로즈마리 770g,SF003,,82,g
PD053,호밀통밀 옥수수 깜바뉴770g + 옥수수가루토핑,R038,몰트엑기스,1,g
PD053,호밀통밀 옥수수 깜바뉴770g + 옥수수가루토핑,R068,생이스트,6,g
PD053,호밀통밀 옥수수 깜바뉴770g + 옥수수가루토핑,R071,소금,6,g
PD053,호밀통밀 옥수수 깜바뉴770g + 옥수수가루토핑,R072,스위트콘,190,g
PD053,호밀통밀 옥수수 깜바뉴770g + 옥수수가루토핑,R101,유기농 T65,69,g
PD053,호밀통밀 옥수수 깜바뉴770g + 옥수수가루토핑,R102,유기농 T55,161,g
PD053,호밀통밀 옥수수 깜바뉴770g + 옥수수가루토핑,R143,호밀가루,36,g
PD053,호밀통밀 옥수수 깜바뉴770g + 옥수수가루토핑,RM184,정제수,179.6,g
PD053,호밀통밀 옥수수 깜바뉴770g + 옥수수가루토핑,RM211,통밀(스테인메츠),22,g
PD053,호밀통밀 옥수수 깜바뉴770g + 옥수수가루토핑,SF001,,29,g
PD053,호밀통밀 옥수수 깜바뉴770g + 옥수수가루토핑,SF003,,72,g
PD054,호밀통밀 레이즌깜바뉴 770g,R013,건포도,190,g
PD054,호밀통밀 레이즌깜바뉴 770g,R038,몰트엑기스,1,g
PD054,호밀통밀 레이즌깜바뉴 770g,R068,생이스트,6,g
PD054,호밀통밀 레이즌깜바뉴 770g,R071,소금,6,g
PD054,호밀통밀 레이즌깜바뉴 770g,R101,유기농 T65,69,g
PD054,호밀통밀 레이즌깜바뉴 770g,R102,유기농 T55,161,g
PD054,호밀통밀 레이즌깜바뉴 770g,R143,호밀가루,36,g
PD054,호밀통밀 레이즌깜바뉴 770g,RM184,정제수,179.6,g
PD054,호밀통밀 레이즌깜바뉴 770g,RM211,통밀(스테인메츠),22,g
PD054,호밀통밀 레이즌깜바뉴 770g,SF001,,29,g
PD054,호밀통밀 레이즌깜바뉴 770g,SF003,,72,g
PD055,호밀통밀 흑임자 깜바뉴 770g,R014,검정깨,55,g
PD055,호밀통밀 흑임자 깜바뉴 770g,R038,몰트엑기스,1,g
PD055,호밀통밀 흑임자 깜바뉴 770g,R068,생이스트,7,g
PD055,호밀통밀 흑임자 깜바뉴 770g,R071,소금,7,g
PD055,호밀통밀 흑임자 깜바뉴 770g,R101,유기농 T65,85,g
PD055,호밀통밀 흑임자 깜바뉴 770g,R102,유기농 T55,198,g
PD055,호밀통밀 흑임자 깜바뉴 770g,R143,호밀가루,44,g
PD055,호밀통밀 흑임자 깜바뉴 770g,RM184,정제수,96.2,g
PD055,호밀통밀 흑임자 깜바뉴 770g,RM211,통밀(스테인메츠),27,g
PD055,호밀통밀 흑임자 깜바뉴 770g,SF001,,35,g
PD055,호밀통밀 흑임자 깜바뉴 770g,SF003,,89,g
PD056,호밀통밀 콩 깜바뉴 770g,R004,강낭콩배기,190,g
PD056,호밀통밀 콩 깜바뉴 770g,R038,몰트엑기스,1,g
PD056,호밀통밀 콩 깜바뉴 770g,R068,생이스트,7,g
PD056,호밀통밀 콩 깜바뉴 770g,R071,소금,7,g
PD056,호밀통밀 콩 깜바뉴 770g,R101,유기농 T65,85,g
PD056,호밀통밀 콩 깜바뉴 770g,R102,유기농 T55,198,g
PD056,호밀통밀 콩 깜바뉴 770g,R143,호밀가루,44,g
PD056,호밀통밀 콩 깜바뉴 770g,RM184,정제수,221.4,g
PD056,호밀통밀 콩 깜바뉴 770g,RM211,통밀(스테인메츠),27,g
PD056,호밀통밀 콩 깜바뉴 770g,SF001,,35,g
PD056,호밀통밀 콩 깜바뉴 770g,SF003,,89,g
PD057,호밀통밀포켓 (110g분할) 1호 무스틀,R038,몰트엑기스,1,g
PD057,호밀통밀포켓 (110g분할) 1호 무스틀,R064,비타민C,0.04,g
PD057,호밀통밀포켓 (110g분할) 1호 무스틀,R068,생이스트,8,g
PD057,호밀통밀포켓 (110g분할) 1호 무스틀,R071,소금,8,g
PD057,호밀통밀포켓 (110g분할) 1호 무스틀,R102,유기농 T55,214,g
PD057,호밀통밀포켓 (110g분할) 1호 무스틀,R117,유기농밀가루(제빵용),92,g
PD057,호밀통밀포켓 (110g분할) 1호 무스틀,R143,호밀가루,48,g
PD057,호밀통밀포켓 (110g분할) 1호 무스틀,RM184,정제수,148,g
PD057,호밀통밀포켓 (110g분할) 1호 무스틀,RM211,통밀(스테인메츠),29,g
PD057,호밀통밀포켓 (110g분할) 1호 무스틀,SF001,,38,g
PD057,호밀통밀포켓 (110g분할) 1호 무스틀,SF003,,95,g
PD058,호밀통밀플렛브레드110g,R038,몰트엑기스,1,g
PD058,호밀통밀플렛브레드110g,R064,비타민C,0.02,g
PD058,호밀통밀플렛브레드110g,R068,생이스트,5,g
PD058,호밀통밀플렛브레드110g,R071,소금,5,g
PD058,호밀통밀플렛브레드110g,R102,유기농 T55,133,g
PD058,호밀통밀플렛브레드110g,R117,유기농밀가루(제빵용),57,g
PD058,호밀통밀플렛브레드110g,R143,호밀가루,30,g
PD058,호밀통밀플렛브레드110g,RM184,정제수,136.6,g
PD058,호밀통밀플렛브레드110g,RM211,통밀(스테인메츠),18,g
PD058,호밀통밀플렛브레드110g,SF001,,24,g
PD058,호밀통밀플렛브레드110g,SF003,,59,g
PD059,호밀통밀바게트 380g 38cm 2개 38cm,R038,몰트엑기스,1,g
PD059,호밀통밀바게트 380g 38cm 2개 38cm,R064,비타민C,0.02,g
PD059,호밀통밀바게트 380g 38cm 2개 38cm,R068,생이스트,4,g
PD059,호밀통밀바게트 380g 38cm 2개 38cm,R071,소금,4,g
PD059,호밀통밀바게트 380g 38cm 2개 38cm,R102,유기농 T55,105,g
PD059,호밀통밀바게트 380g 38cm 2개 38cm,R117,유기농밀가루(제빵용),45,g
PD059,호밀통밀바게트 380g 38cm 2개 38cm,R143,호밀가루,24,g
PD059,호밀통밀바게트 380g 38cm 2개 38cm,RM184,정제수,117.6,g
PD059,호밀통밀바게트 380g 38cm 2개 38cm,RM211,통밀(스테인메츠),14,g
PD059,호밀통밀바게트 380g 38cm 2개 38cm,SF001,,19,g
PD059,호밀통밀바게트 380g 38cm 2개 38cm,SF003,,47,g
PD060,호밀통밀바게트380g/ 1개 38cm,R038,몰트엑기스,1,g
PD060,호밀통밀바게트380g/ 1개 38cm,R064,비타민C,0.02,g
PD060,호밀통밀바게트380g/ 1개 38cm,R068,생이스트,4,g
PD060,호밀통밀바게트380g/ 1개 38cm,R071,소금,4,g
PD060,호밀통밀바게트380g/ 1개 38cm,R102,유기농 T55,105,g
PD060,호밀통밀바게트380g/ 1개 38cm,R117,유기농밀가루(제빵용),45,g
PD060,호밀통밀바게트380g/ 1개 38cm,R143,호밀가루,24,g
PD060,호밀통밀바게트380g/ 1개 38cm,RM184,정제수,117.6,g
PD060,호밀통밀바게트380g/ 1개 38cm,RM211,통밀(스테인메츠),14,g
PD060,호밀통밀바게트380g/ 1개 38cm,SF001,,19,g
PD060,호밀통밀바게트380g/ 1개 38cm,SF003,,47,g
PD061,호밀통밀바게트 380g +통밀토핑,R038,몰트엑기스,2,g
PD061,호밀통밀바게트 380g +통밀토핑,R068,생이스트,5,g
PD061,호밀통밀바게트 380g +통밀토핑,R071,소금,4,g
PD061,호밀통밀바게트 380g +통밀토핑,R102,유기농 T55,134,g
PD061,호밀통밀바게트 380g +통밀토핑,R117,유기농밀가루(제빵용),33,g
PD061,호밀통밀바게트 380g +통밀토핑,RM184,정제수,117.6,g
PD061,호밀통밀바게트 380g +통밀토핑,RM211,통밀(스테인메츠),42,g
PD061,호밀통밀바게트 380g +통밀토핑,SF002,,17,g
PD061,호밀통밀바게트 380g +통밀토핑,SF008,,42,g
PD062,호밀통밀피칸&호두450g,R038,몰트엑기스,1,g
PD062,호밀통밀피칸&호두450g,R068,생이스트,4,g
PD062,호밀통밀피칸&호두450g,R071,소금,3,g
PD062,호밀통밀피칸&호두450g,R102,유기농 T55,113,g
PD062,호밀통밀피칸&호두450g,R117,유기농밀가루(제빵용),28,g
PD062,호밀통밀피칸&호두450g,R134,피칸,42,g
PD062,호밀통밀피칸&호두450g,R142,호두(분태),71,g
PD062,호밀통밀피칸&호두450g,RM184,정제수,88.3,g
PD062,호밀통밀피칸&호두450g,RM211,통밀(스테인메츠),36,g
PD062,호밀통밀피칸&호두450g,SF002,,14,g
PD062,호밀통밀피칸&호두450g,SF008,,35,g
PD063,흑임자 씨앗 통밀식빵550g,R014,검정깨,20,g
PD063,흑임자 씨앗 통밀식빵550g,R038,몰트엑기스,4,g
PD063,흑임자 씨앗 통밀식빵550g,R064,비타민C,0.1,g
PD063,흑임자 씨앗 통밀식빵550g,R068,생이스트,4,g
PD063,흑임자 씨앗 통밀식빵550g,R071,소금,3,g
PD063,흑임자 씨앗 통밀식빵550g,R104,유기농통밀(사조),146,g
PD063,흑임자 씨앗 통밀식빵550g,R129,올리고당,22,g
PD063,흑임자 씨앗 통밀식빵550g,R136,해바라기씨,51,g
PD063,흑임자 씨앗 통밀식빵550g,R137,해바라기유,15,g
PD063,흑임자 씨앗 통밀식빵550g,R142,호두(분태),22,g
PD063,흑임자 씨앗 통밀식빵550g,RM184,정제수,100,g
PD063,흑임자 씨앗 통밀식빵550g,RM211,통밀(스테인메츠),36,g
PD063,흑임자 씨앗 통밀식빵550g,SF002,,73,g
PD063,흑임자 씨앗 통밀식빵550g,SF007,,55,g
PD064,국산단팥빵 54g,R038,몰트엑기스,0.1,g
PD064,국산단팥빵 54g,R040,물엿,1,g
PD064,국산단팥빵 54g,R048,버터,4,g
PD064,국산단팥빵 54g,R068,생이스트,1,g
PD064,국산단팥빵 54g,R070,유기농(설탕),4,g
PD064,국산단팥빵 54g,R071,소금,0.5,g
PD064,국산단팥빵 54g,R100,우유,5,g
PD064,국산단팥빵 54g,R101,유기농 T65,7,g
PD064,국산단팥빵 54g,R102,유기농 T55,16,g
PD064,국산단팥빵 54g,R103,전란,4,g
PD064,국산단팥빵 54g,R124,팥앙금,48,g
PD064,국산단팥빵 54g,R137,해바라기유,2,g
PD064,국산단팥빵 54g,R142,호두(분태),2,g
PD064,국산단팥빵 54g,RM184,정제수,5,g
PD064,국산단팥빵 54g,SF001,,5,g
PD065,"올리브치아바타 190g,/샌드위치용",R034,마요네즈,38.7,g
PD065,"올리브치아바타 190g,/샌드위치용",R037,모짜렐라치즈,125.8,g
PD065,"올리브치아바타 190g,/샌드위치용",R044,바질페스토,13.5,g
PD065,"올리브치아바타 190g,/샌드위치용",R063,블랙올리브(슬라이스),44,g
PD065,"올리브치아바타 190g,/샌드위치용",R064,비타민C,0.05,g
PD065,"올리브치아바타 190g,/샌드위치용",R068,생이스트,4.5,g
PD065,"올리브치아바타 190g,/샌드위치용",R070,유기농(설탕),3,g
PD065,"올리브치아바타 190g,/샌드위치용",R071,소금,3.3,g
PD065,"올리브치아바타 190g,/샌드위치용",R101,유기농 T65,45,g
PD065,"올리브치아바타 190g,/샌드위치용",R102,유기농 T55,105,g
PD065,"올리브치아바타 190g,/샌드위치용",R127,올리브유,7.5,g
PD065,"올리브치아바타 190g,/샌드위치용",RM162,아메리칸슬라이스치즈,20,g
PD065,"올리브치아바타 190g,/샌드위치용",RM184,정제수,125,g
PD065,"올리브치아바타 190g,/샌드위치용",SF001,,30,g
PD066,올리브치아바타 130g(3개),R063,블랙올리브(슬라이스),52,g
PD066,올리브치아바타 130g(3개),R064,비타민C,1,g
PD066,올리브치아바타 130g(3개),R068,생이스트,6,g
PD066,올리브치아바타 130g(3개),R070,유기농(설탕),4,g
PD066,올리브치아바타 130g(3개),R071,소금,4,g
PD066,올리브치아바타 130g(3개),R101,유기농 T65,97,g
PD066,올리브치아바타 130g(3개),R102,유기농 T55,97,g
PD066,올리브치아바타 130g(3개),R127,올리브유,10,g
PD066,올리브치아바타 130g(3개),RM184,정제수,65.4,g
PD066,올리브치아바타 130g(3개),SF001,,39,g
PD067,크랜베리치아바타130g*3개,R012,건크랜베리,44,g
PD067,크랜베리치아바타130g*3개,R064,비타민C,0.4,g
PD067,크랜베리치아바타130g*3개,R068,생이스트,4.9,g
PD067,크랜베리치아바타130g*3개,R070,유기농(설탕),3.3,g
PD067,크랜베리치아바타130g*3개,R071,소금,2.8,g
PD067,크랜베리치아바타130g*3개,R101,유기농 T65,82.5,g
PD067,크랜베리치아바타130g*3개,R102,유기농 T55,82.5,g
PD067,크랜베리치아바타130g*3개,R127,올리브유,8.2,g
PD067,크랜베리치아바타130g*3개,RM184,정제수,137.4,g
PD067,크랜베리치아바타130g*3개,SF001,,33,g
PD068,플레인치아바타130g *3,R064,비타민C,0.5,g
PD068,플레인치아바타130g *3,R068,생이스트,5.6,g
PD068,플레인치아바타130g *3,R070,유기농(설탕),3.7,g
PD068,플레인치아바타130g *3,R071,소금,3.2,g
PD068,플레인치아바타130g *3,R101,유기농 T65,92.5,g
PD068,플레인치아바타130g *3,R102,유기농 T55,92.5,g
PD068,플레인치아바타130g *3,R127,올리브유,9.3,g
PD068,플레인치아바타130g *3,RM184,정제수,154.4,g
PD068,플레인치아바타130g *3,SF001,,37.1,g
PD069,그린&블랙 올리브치아바타500g,R015,그린올리브(슬라이스),51.8,g
PD069,그린&블랙 올리브치아바타500g,R063,블랙올리브(슬라이스),51.8,g
PD069,그린&블랙 올리브치아바타500g,R064,비타민C,0.5,g
PD069,그린&블랙 올리브치아바타500g,R068,생이스트,5.8,g
PD069,그린&블랙 올리브치아바타500g,R070,유기농(설탕),3.9,g
PD069,그린&블랙 올리브치아바타500g,R071,소금,3.7,g
PD069,그린&블랙 올리브치아바타500g,R101,유기농 T65,97,g
PD069,그린&블랙 올리브치아바타500g,R102,유기농 T55,97,g
PD069,그린&블랙 올리브치아바타500g,R127,올리브유,9.7,g
PD069,그린&블랙 올리브치아바타500g,RM184,정제수,161.7,g
PD069,그린&블랙 올리브치아바타500g,SF001,,38.8,g
PD070,페페로니치즈올리브치아바타400g,R015,그린올리브(슬라이스),43,g
PD070,페페로니치즈올리브치아바타400g,R032,롤치즈,30,g
PD070,페페로니치즈올리브치아바타400g,R063,블랙올리브(슬라이스),43,g
PD070,페페로니치즈올리브치아바타400g,R064,비타민C,0.4,g
PD070,페페로니치즈올리브치아바타400g,R068,생이스트,4.8,g
PD070,페페로니치즈올리브치아바타400g,R070,유기농(설탕),3.2,g
PD070,페페로니치즈올리브치아바타400g,R071,소금,3,g
PD070,페페로니치즈올리브치아바타400g,R101,유기농 T65,80.5,g
PD070,페페로니치즈올리브치아바타400g,R102,유기농 T55,80.5,g
PD070,페페로니치즈올리브치아바타400g,R125,페파로니,35,g
PD070,페페로니치즈올리브치아바타400g,R127,올리브유,8,g
PD070,페페로니치즈올리브치아바타400g,R135,할라페뇨,4,g
PD070,페페로니치즈올리브치아바타400g,RM184,정제수,134.1,g
PD070,페페로니치즈올리브치아바타400g,SF001,,32.2,g
PD072,저당 플레인 바게트 190g,R038,몰트엑기스,2.5,g
PD072,저당 플레인 바게트 190g,R064,비타민C,0.6,g
PD072,저당 플레인 바게트 190g,R068,생이스트,5.9,g
PD072,저당 플레인 바게트 190g,R071,소금,5.1,g
PD072,저당 플레인 바게트 190g,R101,유기농 T65,63.2,g
PD072,저당 플레인 바게트 190g,R102,유기농 T55,252.7,g
PD072,저당 플레인 바게트 190g,RM184,정제수,208.5,g
PD072,저당 플레인 바게트 190g,SF001,,31.6,g
PD073,생협잡곡식빵(쿠팡잡곡식빵)220gx2,R048,버터,210,g
PD073,생협잡곡식빵(쿠팡잡곡식빵)220gx2,R068,생이스트,66,g
PD073,생협잡곡식빵(쿠팡잡곡식빵)220gx2,R070,유기농(설탕),224,g
PD073,생협잡곡식빵(쿠팡잡곡식빵)220gx2,R071,소금,44,g
PD073,생협잡곡식빵(쿠팡잡곡식빵)220gx2,R099,우리멀티그레인믹스,505,g
PD073,생협잡곡식빵(쿠팡잡곡식빵)220gx2,R101,유기농 T65,606,g
PD073,생협잡곡식빵(쿠팡잡곡식빵)220gx2,R102,유기농 T55,1414,g
PD073,생협잡곡식빵(쿠팡잡곡식빵)220gx2,R103,전란,309,g
PD073,생협잡곡식빵(쿠팡잡곡식빵)220gx2,R131,요거트,281,g
PD073,생협잡곡식빵(쿠팡잡곡식빵)220gx2,RM184,정제수,81.7,g
PD073,생협잡곡식빵(쿠팡잡곡식빵)220gx2,SF001,,561,g
PD074,천연발효통밀잡곡빵  670g,R038,몰트엑기스,3,g
PD074,천연발효통밀잡곡빵  670g,R064,비타민C,0.03,g
PD074,천연발효통밀잡곡빵  670g,R068,생이스트,7,g
PD074,천연발효통밀잡곡빵  670g,R071,소금,3,g
PD074,천연발효통밀잡곡빵  670g,R096,오트밀,14,g
PD074,천연발효통밀잡곡빵  670g,R104,유기농통밀(사조),45,g
PD074,천연발효통밀잡곡빵  670g,R110,크라프트골드,56,g
PD074,천연발효통밀잡곡빵  670g,R114,통밀(사조),113,g
PD074,천연발효통밀잡곡빵  670g,R126,포도씨유,23,g
PD074,천연발효통밀잡곡빵  670g,R136,해바라기씨,13,g
PD074,천연발효통밀잡곡빵  670g,R142,호두(분태),38,g
PD074,천연발효통밀잡곡빵  670g,RM147,호박씨,33,g
PD074,천연발효통밀잡곡빵  670g,RM184,정제수,207.3,g
PD074,천연발효통밀잡곡빵  670g,RM211,통밀(스테인메츠),68,g
PD074,천연발효통밀잡곡빵  670g,SF002,,47,g
PD075,B마트통밀잡곡빵  380g_오트밀토핑,R038,몰트엑기스,2,g
PD075,B마트통밀잡곡빵  380g_오트밀토핑,R064,비타민C,0.02,g
PD075,B마트통밀잡곡빵  380g_오트밀토핑,R068,생이스트,4,g
PD075,B마트통밀잡곡빵  380g_오트밀토핑,R071,소금,2,g
PD075,B마트통밀잡곡빵  380g_오트밀토핑,R096,오트밀,8,g
PD075,B마트통밀잡곡빵  380g_오트밀토핑,R104,유기농통밀(사조),26,g
PD075,B마트통밀잡곡빵  380g_오트밀토핑,R110,크라프트골드,32,g
PD075,B마트통밀잡곡빵  380g_오트밀토핑,R114,통밀(사조),64,g
PD075,B마트통밀잡곡빵  380g_오트밀토핑,R126,포도씨유,13,g
PD075,B마트통밀잡곡빵  380g_오트밀토핑,R136,해바라기씨,7,g
PD075,B마트통밀잡곡빵  380g_오트밀토핑,R142,호두(분태),21,g
PD075,B마트통밀잡곡빵  380g_오트밀토핑,RM147,호박씨,19,g
PD075,B마트통밀잡곡빵  380g_오트밀토핑,RM184,정제수,117.5,g
PD075,B마트통밀잡곡빵  380g_오트밀토핑,RM211,통밀(스테인메츠),38,g
PD075,B마트통밀잡곡빵  380g_오트밀토핑,SF002,,27,g
PD076,통밀잡곡빵380g+크렌베리40g_흰깨토핑,R114,통밀(사조),64,g
PD076,통밀잡곡빵380g+크렌베리40g_흰깨토핑,RM211,통밀(스테인메츠),38,g
PD077,8가지잡곡빵  260g*2개입,R048,버터,19,g
PD077,8가지잡곡빵  260g*2개입,R068,생이스트,6,g
PD077,8가지잡곡빵  260g*2개입,R070,유기농(설탕),21,g
PD077,8가지잡곡빵  260g*2개입,R071,소금,4,g
PD077,8가지잡곡빵  260g*2개입,R099,우리멀티그레인믹스,46,g
PD077,8가지잡곡빵  260g*2개입,R101,유기농 T65,55,g
PD077,8가지잡곡빵  260g*2개입,R102,유기농 T55,130,g
PD077,8가지잡곡빵  260g*2개입,R103,전란,28,g
PD077,8가지잡곡빵  260g*2개입,R131,요거트,26,g
PD077,8가지잡곡빵  260g*2개입,R136,해바라기씨,13,g
PD077,8가지잡곡빵  260g*2개입,R142,호두(분태),13,g
PD077,8가지잡곡빵  260g*2개입,RM147,호박씨,13,g
PD077,8가지잡곡빵  260g*2개입,RM184,정제수,85.3,g
PD077,8가지잡곡빵  260g*2개입,SF001,,51,g
PD078,발효종 오트밀통밀식빵 530g오트밀토핑,R024,두유,73,g
PD078,발효종 오트밀통밀식빵 530g오트밀토핑,R038,몰트엑기스,1,g
PD078,발효종 오트밀통밀식빵 530g오트밀토핑,R068,생이스트,3,g
PD078,발효종 오트밀통밀식빵 530g오트밀토핑,R070,유기농(설탕),10,g
PD078,발효종 오트밀통밀식빵 530g오트밀토핑,R071,소금,4,g
PD078,발효종 오트밀통밀식빵 530g오트밀토핑,R096,오트밀,17,g
PD078,발효종 오트밀통밀식빵 530g오트밀토핑,R108,코코넛오일,8,g
PD078,발효종 오트밀통밀식빵 530g오트밀토핑,R114,통밀(사조),85,g
PD078,발효종 오트밀통밀식빵 530g오트밀토핑,R136,해바라기씨,10,g
PD078,발효종 오트밀통밀식빵 530g오트밀토핑,RM147,호박씨,7,g
PD078,발효종 오트밀통밀식빵 530g오트밀토핑,RM184,정제수,96.6,g
PD078,발효종 오트밀통밀식빵 530g오트밀토핑,RM211,통밀(스테인메츠),34,g
PD078,발효종 오트밀통밀식빵 530g오트밀토핑,SF001,,51,g
PD078,발효종 오트밀통밀식빵 530g오트밀토핑,SF008,,170,g
PD079,크렌베리아몬드/쿠팡   270g,R012,건크랜베리,28,g
PD079,크렌베리아몬드/쿠팡   270g,R020,다크초코칩,12,g
PD079,크렌베리아몬드/쿠팡   270g,R038,몰트엑기스,1,g
PD079,크렌베리아몬드/쿠팡   270g,R064,비타민C,0.2,g
PD079,크렌베리아몬드/쿠팡   270g,R068,생이스트,2,g
PD079,크렌베리아몬드/쿠팡   270g,R071,소금,2,g
PD079,크렌베리아몬드/쿠팡   270g,R079,아몬드슬라이스,19,g
PD079,크렌베리아몬드/쿠팡   270g,R101,유기농 T65,14,g
PD079,크렌베리아몬드/쿠팡   270g,R102,유기농 T55,73,g
PD079,크렌베리아몬드/쿠팡   270g,RM184,정제수,67.5,g
PD079,크렌베리아몬드/쿠팡   270g,RM211,통밀(스테인메츠),10,g
PD079,크렌베리아몬드/쿠팡   270g,SF001,,41,g
PD080,발효종 부드러운 호밀통밀식빵600g,R038,몰트엑기스,1,g
PD080,발효종 부드러운 호밀통밀식빵600g,R048,버터,47,g
PD080,발효종 부드러운 호밀통밀식빵600g,R068,생이스트,7,g
PD080,발효종 부드러운 호밀통밀식빵600g,R071,소금,5,g
PD080,발효종 부드러운 호밀통밀식빵600g,R100,우유,58,g
PD080,발효종 부드러운 호밀통밀식빵600g,R103,전란,45,g
PD080,발효종 부드러운 호밀통밀식빵600g,R114,통밀(사조),116,g
PD080,발효종 부드러운 호밀통밀식빵600g,R129,올리고당,52,g
PD080,발효종 부드러운 호밀통밀식빵600g,R137,해바라기유,17,g
PD080,발효종 부드러운 호밀통밀식빵600g,R143,호밀가루,3,g
PD080,발효종 부드러운 호밀통밀식빵600g,RM184,정제수,56.2,g
PD080,발효종 부드러운 호밀통밀식빵600g,RM211,통밀(스테인메츠),87,g
PD080,발효종 부드러운 호밀통밀식빵600g,SF002,,35,g
PD081,무염통밀빵(빵오발효종르방) 800 g,R038,몰트엑기스,4,g
PD081,무염통밀빵(빵오발효종르방) 800 g,R064,비타민C,0.1,g
PD081,무염통밀빵(빵오발효종르방) 800 g,R068,생이스트,6,g
PD081,무염통밀빵(빵오발효종르방) 800 g,R114,통밀(사조),246,g
PD081,무염통밀빵(빵오발효종르방) 800 g,RM184,정제수,256.6,g
PD081,무염통밀빵(빵오발효종르방) 800 g,RM211,통밀(스테인메츠),82,g
PD081,무염통밀빵(빵오발효종르방) 800 g,SF002,,41,g
PD081,무염통밀빵(빵오발효종르방) 800 g,SF008,,102,g
PD082,미니바질선드라이토마토식빵(100gx2),R038,몰트엑기스,0.4,g
PD082,미니바질선드라이토마토식빵(100gx2),R040,물엿,2,g
PD082,미니바질선드라이토마토식빵(100gx2),R044,바질페스토,3,g
PD082,미니바질선드라이토마토식빵(100gx2),R048,버터,14,g
PD082,미니바질선드라이토마토식빵(100gx2),R068,생이스트,3,g
PD082,미니바질선드라이토마토식빵(100gx2),R070,유기농(설탕),14,g
PD082,미니바질선드라이토마토식빵(100gx2),R071,소금,2,g
PD082,미니바질선드라이토마토식빵(100gx2),R100,우유,18,g
PD082,미니바질선드라이토마토식빵(100gx2),R101,유기농 T65,24,g
PD082,미니바질선드라이토마토식빵(100gx2),R102,유기농 T55,9,g
PD082,미니바질선드라이토마토식빵(100gx2),R103,전란,14,g
PD082,미니바질선드라이토마토식빵(100gx2),R137,해바라기유,5,g
PD082,미니바질선드라이토마토식빵(100gx2),R138,허브믹스,2,g
PD082,미니바질선드라이토마토식빵(100gx2),RM162,아메리칸슬라이스치즈,20,g
PD082,미니바질선드라이토마토식빵(100gx2),RM184,정제수,18,g
PD082,미니바질선드라이토마토식빵(100gx2),SF001,,18,g
PD083,통밀식빵긴틀680g,R038,몰트엑기스,2,g
PD083,통밀식빵긴틀680g,R048,버터,20,g
PD083,통밀식빵긴틀680g,R068,생이스트,6,g
PD083,통밀식빵긴틀680g,R070,유기농(설탕),13,g
PD083,통밀식빵긴틀680g,R071,소금,6,g
PD083,통밀식빵긴틀680g,R114,통밀(사조),177,g
PD083,통밀식빵긴틀680g,RM184,정제수,144.5,g
PD083,통밀식빵긴틀680g,RM211,통밀(스테인메츠),44,g
PD083,통밀식빵긴틀680g,SF002,,66,g
PD083,통밀식빵긴틀680g,SF008,,221,g
PD084,콩식빵570g,R004,강낭콩배기,26.7,g
PD084,콩식빵570g,R038,몰트엑기스,1,g
PD084,콩식빵570g,R048,버터,14,g
PD084,콩식빵570g,R068,생이스트,4,g
PD084,콩식빵570g,R070,유기농(설탕),10,g
PD084,콩식빵570g,R071,소금,4,g
PD084,콩식빵570g,R098,완두배기,26.7,g
PD084,콩식빵570g,R114,통밀(사조),127,g
PD084,콩식빵570g,R123,팥배기,26.7,g
PD084,콩식빵570g,RM184,정제수,88.8,g
PD084,콩식빵570g,RM211,통밀(스테인메츠),32,g
PD084,콩식빵570g,SF002,,48,g
PD084,콩식빵570g,SF008,,159,g
PD085,콩깜바뉴530g,R004,강낭콩배기,26.7,g
PD085,콩깜바뉴530g,R038,몰트엑기스,1,g
PD085,콩깜바뉴530g,R048,버터,13,g
PD085,콩깜바뉴530g,R068,생이스트,4,g
PD085,콩깜바뉴530g,R070,유기농(설탕),9,g
PD085,콩깜바뉴530g,R071,소금,4,g
PD085,콩깜바뉴530g,R098,완두배기,26.7,g
PD085,콩깜바뉴530g,R114,통밀(사조),118,g
PD085,콩깜바뉴530g,R123,팥배기,26.7,g
PD085,콩깜바뉴530g,RM184,정제수,82.6,g
PD085,콩깜바뉴530g,RM211,통밀(스테인메츠),29,g
PD085,콩깜바뉴530g,SF002,,44,g
PD085,콩깜바뉴530g,SF008,,147,g
PD086,통밀깜바뉴700g,R038,몰트엑기스,2,g
PD086,통밀깜바뉴700g,R048,버터,21,g
PD086,통밀깜바뉴700g,R068,생이스트,6,g
PD086,통밀깜바뉴700g,R070,유기농(설탕),14,g
PD086,통밀깜바뉴700g,R071,소금,6,g
PD086,통밀깜바뉴700g,R114,통밀(사조),182,g
PD086,통밀깜바뉴700g,RM184,정제수,127.7,g
PD086,통밀깜바뉴700g,RM211,통밀(스테인메츠),46,g
PD086,통밀깜바뉴700g,SF002,,68,g
PD086,통밀깜바뉴700g,SF008,,228,g
PD087,크렌베리호두통밀식빵 580g,R012,건크랜베리,48,g
PD087,크렌베리호두통밀식빵 580g,R038,몰트엑기스,1,g
PD087,크렌베리호두통밀식빵 580g,R048,버터,15,g
PD087,크렌베리호두통밀식빵 580g,R068,생이스트,4,g
PD087,크렌베리호두통밀식빵 580g,R070,유기농(설탕),10,g
PD087,크렌베리호두통밀식빵 580g,R071,소금,4,g
PD087,크렌베리호두통밀식빵 580g,R114,통밀(사조),129,g
PD087,크렌베리호두통밀식빵 580g,R142,호두(분태),36,g
PD087,크렌베리호두통밀식빵 580g,RM184,정제수,90.3,g
PD087,크렌베리호두통밀식빵 580g,RM211,통밀(스테인메츠),32,g
PD087,크렌베리호두통밀식빵 580g,SF002,,48,g
PD087,크렌베리호두통밀식빵 580g,SF008,,161,g
PD088,크렌베리호두깜바뉴 500g,R012,건크랜베리,42,g
PD088,크렌베리호두깜바뉴 500g,R038,몰트엑기스,1,g
PD088,크렌베리호두깜바뉴 500g,R048,버터,13,g
PD088,크렌베리호두깜바뉴 500g,R068,생이스트,3,g
PD088,크렌베리호두깜바뉴 500g,R070,유기농(설탕),8,g
PD088,크렌베리호두깜바뉴 500g,R071,소금,4,g
PD088,크렌베리호두깜바뉴 500g,R114,통밀(사조),111,g
PD088,크렌베리호두깜바뉴 500g,R142,호두(분태),31,g
PD088,크렌베리호두깜바뉴 500g,RM184,정제수,77.9,g
PD088,크렌베리호두깜바뉴 500g,RM211,통밀(스테인메츠),28,g
PD088,크렌베리호두깜바뉴 500g,SF002,,42,g
PD088,크렌베리호두깜바뉴 500g,SF008,,139,g
PD089,크렌베리 호두 치즈깜바뉴 490g,R012,건크랜베리,42,g
PD089,크렌베리 호두 치즈깜바뉴 490g,R032,롤치즈,40,g
PD089,크렌베리 호두 치즈깜바뉴 490g,R038,몰트엑기스,1,g
PD089,크렌베리 호두 치즈깜바뉴 490g,R048,버터,11,g
PD089,크렌베리 호두 치즈깜바뉴 490g,R068,생이스트,3,g
PD089,크렌베리 호두 치즈깜바뉴 490g,R070,유기농(설탕),8,g
PD089,크렌베리 호두 치즈깜바뉴 490g,R071,소금,3,g
PD089,크렌베리 호두 치즈깜바뉴 490g,R114,통밀(사조),100,g
PD089,크렌베리 호두 치즈깜바뉴 490g,R142,호두(분태),31,g
PD089,크렌베리 호두 치즈깜바뉴 490g,RM184,정제수,70.1,g
PD089,크렌베리 호두 치즈깜바뉴 490g,RM211,통밀(스테인메츠),25,g
PD089,크렌베리 호두 치즈깜바뉴 490g,SF002,,38,g
PD089,크렌베리 호두 치즈깜바뉴 490g,SF008,,125,g
PD090,아침을 여는 저당 통밀 콜렉션,R001,I.S.P,0.3,g
PD090,아침을 여는 저당 통밀 콜렉션,R024,두유,12.3,g
PD090,아침을 여는 저당 통밀 콜렉션,R038,몰트엑기스,2.3,g
PD090,아침을 여는 저당 통밀 콜렉션,R048,버터,4.6,g
PD090,아침을 여는 저당 통밀 콜렉션,R068,생이스트,4.6,g
PD090,아침을 여는 저당 통밀 콜렉션,R070,유기농(설탕),1.6,g
PD090,아침을 여는 저당 통밀 콜렉션,R071,소금,4.3,g
PD090,아침을 여는 저당 통밀 콜렉션,R096,오트밀,2.2,g
PD090,아침을 여는 저당 통밀 콜렉션,R100,우유,5.8,g
PD090,아침을 여는 저당 통밀 콜렉션,R102,유기농 T55,68.6,g
PD090,아침을 여는 저당 통밀 콜렉션,R103,전란,4.5,g
PD090,아침을 여는 저당 통밀 콜렉션,R108,코코넛오일,2.1,g
PD090,아침을 여는 저당 통밀 콜렉션,R110,크라프트골드,14.5,g
PD090,아침을 여는 저당 통밀 콜렉션,R126,포도씨유,3.6,g
PD090,아침을 여는 저당 통밀 콜렉션,R129,올리고당,5.2,g
PD090,아침을 여는 저당 통밀 콜렉션,R136,해바라기씨,3.7,g
PD090,아침을 여는 저당 통밀 콜렉션,R137,해바라기유,1.7,g
PD090,아침을 여는 저당 통밀 콜렉션,R142,호두(분태),6,g
PD090,아침을 여는 저당 통밀 콜렉션,R143,호밀가루,8.8,g
PD090,아침을 여는 저당 통밀 콜렉션,RM147,호박씨,6.5,g
PD090,아침을 여는 저당 통밀 콜렉션,RM184,정제수,156.7,g
PD090,아침을 여는 저당 통밀 콜렉션,RM211,통밀(스테인메츠),163.3,g
PD090,아침을 여는 저당 통밀 콜렉션,SF001,,15.8,g
PD090,아침을 여는 저당 통밀 콜렉션,SF002,,28.6,g
PD090,아침을 여는 저당 통밀 콜렉션,SF003,,20.4,g
PD090,아침을 여는 저당 통밀 콜렉션,SF006,,4.2,g
PD090,아침을 여는 저당 통밀 콜렉션,SF008,,13.4,g
PD091,컨트리통밀깜빠뉴 840,R038,몰트엑기스,4,g
PD091,컨트리통밀깜빠뉴 840,R071,소금,8,g
PD091,컨트리통밀깜빠뉴 840,R114,통밀(사조),275,g
PD091,컨트리통밀깜빠뉴 840,RM184,정제수,367,g
PD091,컨트리통밀깜빠뉴 840,RM211,통밀(스테인메츠),118,g
PD091,컨트리통밀깜빠뉴 840,SF002,,49,g
PD091,컨트리통밀깜빠뉴 840,SF008,,29,g
PD092,컨트리통밀슬랩 840,R038,몰트엑기스,4,g
PD092,컨트리통밀슬랩 840,R071,소금,8,g
PD092,컨트리통밀슬랩 840,R114,통밀(사조),275,g
PD092,컨트리통밀슬랩 840,RM184,정제수,367,g
PD092,컨트리통밀슬랩 840,RM211,통밀(스테인메츠),118,g
PD092,컨트리통밀슬랩 840,SF002,,49,g
PD092,컨트리통밀슬랩 840,SF008,,29,g
PD093,멀티그레인컨트리깜바뉴 840,R038,몰트엑기스,2,g
PD093,멀티그레인컨트리깜바뉴 840,R071,소금,8,g
PD093,멀티그레인컨트리깜바뉴 840,R099,우리멀티그레인믹스,53,g
PD093,멀티그레인컨트리깜바뉴 840,R102,유기농 T55,194,g
PD093,멀티그레인컨트리깜바뉴 840,R136,해바라기씨,23,g
PD093,멀티그레인컨트리깜바뉴 840,R143,호밀가루,68,g
PD093,멀티그레인컨트리깜바뉴 840,RM184,정제수,240,g
PD093,멀티그레인컨트리깜바뉴 840,RM211,통밀(스테인메츠),34,g
PD093,멀티그레인컨트리깜바뉴 840,SF001,,103,g
PD093,멀티그레인컨트리깜바뉴 840,SF003,,91,g
PD094,멀티그레인컨트리슬랩 840+해바라기씨토핑,R038,몰트엑기스,2,g
PD094,멀티그레인컨트리슬랩 840+해바라기씨토핑,R071,소금,8,g
PD094,멀티그레인컨트리슬랩 840+해바라기씨토핑,R099,우리멀티그레인믹스,53,g
PD094,멀티그레인컨트리슬랩 840+해바라기씨토핑,R102,유기농 T55,194,g
PD094,멀티그레인컨트리슬랩 840+해바라기씨토핑,R136,해바라기씨,23,g
PD094,멀티그레인컨트리슬랩 840+해바라기씨토핑,R143,호밀가루,68,g
PD094,멀티그레인컨트리슬랩 840+해바라기씨토핑,RM184,정제수,274,g
PD094,멀티그레인컨트리슬랩 840+해바라기씨토핑,RM211,통밀(스테인메츠),34,g
PD094,멀티그레인컨트리슬랩 840+해바라기씨토핑,SF001,,103,g
PD094,멀티그레인컨트리슬랩 840+해바라기씨토핑,SF003,,91,g
PD095,멀티그레인컨트리후르츠사워도우 760,R012,건크랜베리,42,g
PD095,멀티그레인컨트리후르츠사워도우 760,R013,건포도,26,g
PD095,멀티그레인컨트리후르츠사워도우 760,R038,몰트엑기스,2,g
PD095,멀티그레인컨트리후르츠사워도우 760,R071,소금,6,g
PD095,멀티그레인컨트리후르츠사워도우 760,R099,우리멀티그레인믹스,40,g
PD095,멀티그레인컨트리후르츠사워도우 760,R102,유기농 T55,148,g
PD095,멀티그레인컨트리후르츠사워도우 760,R136,해바라기씨,35,g
PD095,멀티그레인컨트리후르츠사워도우 760,R143,호밀가루,52,g
PD095,멀티그레인컨트리후르츠사워도우 760,RM184,정제수,209,g
PD095,멀티그레인컨트리후르츠사워도우 760,RM211,통밀(스테인메츠),26,g
PD095,멀티그레인컨트리후르츠사워도우 760,SF001,,78,g
PD095,멀티그레인컨트리후르츠사워도우 760,SF003,,70,g
PD096,건포도브리오슈250,R013,건포도,60,g
PD096,건포도브리오슈250,R017,난황,14,g
PD096,건포도브리오슈250,R048,버터,31,g
PD096,건포도브리오슈250,R066,사양벌꿀,9,g
PD096,건포도브리오슈250,R068,생이스트,2,g
PD096,건포도브리오슈250,R070,유기농(설탕),5,g
PD096,건포도브리오슈250,R071,소금,1,g
PD096,건포도브리오슈250,R100,우유,24,g
PD096,건포도브리오슈250,R103,전란,14,g
PD096,건포도브리오슈250,R117,유기농밀가루(제빵용),72,g
PD096,건포도브리오슈250,R131,요거트,1,g
PD096,건포도브리오슈250,R148,흑설탕,4,g
PD096,건포도브리오슈250,SF001,,11,g
PD097,밤 브리오슈250,R017,난황,16,g
PD097,밤 브리오슈250,R048,버터,34,g
PD097,밤 브리오슈250,R066,사양벌꿀,10,g
PD097,밤 브리오슈250,R068,생이스트,2,g
PD097,밤 브리오슈250,R070,유기농(설탕),6,g
PD097,밤 브리오슈250,R071,소금,1,g
PD097,밤 브리오슈250,R100,우유,27,g
PD097,밤 브리오슈250,R103,전란,16,g
PD097,밤 브리오슈250,R117,유기농밀가루(제빵용),24,g
PD097,밤 브리오슈250,R131,요거트,8,g
PD097,밤 브리오슈250,R148,흑설탕,5,g
PD097,밤 브리오슈250,R33,밤다이스,45,g
PD097,밤 브리오슈250,SF001,,12,g
PD099,콩브리오슈250,R004,강낭콩배기,16,g
PD099,콩브리오슈250,R017,난황,16,g
PD099,콩브리오슈250,R048,버터,34,g
PD099,콩브리오슈250,R066,사양벌꿀,10,g
PD099,콩브리오슈250,R068,생이스트,2,g
PD099,콩브리오슈250,R070,유기농(설탕),6,g
PD099,콩브리오슈250,R071,소금,1,g
PD099,콩브리오슈250,R098,완두배기,13,g
PD099,콩브리오슈250,R100,우유,27,g
PD099,콩브리오슈250,R103,전란,16,g
PD099,콩브리오슈250,R117,유기농밀가루(제빵용),79,g
PD099,콩브리오슈250,R123,팥배기,16,g
PD099,콩브리오슈250,R131,요거트,8,g
PD099,콩브리오슈250,R148,흑설탕,5,g
PD099,콩브리오슈250,SF001,,12,g
PD100,오렌지화이트초코브리오슈 250,R017,난황,15,g
PD100,오렌지화이트초코브리오슈 250,R048,버터,33,g
PD100,오렌지화이트초코브리오슈 250,R066,사양벌꿀,10,g
PD100,오렌지화이트초코브리오슈 250,R068,생이스트,3,g
PD100,오렌지화이트초코브리오슈 250,R070,유기농(설탕),6,g
PD100,오렌지화이트초코브리오슈 250,R071,소금,1,g
PD100,오렌지화이트초코브리오슈 250,R094,오렌지필,30,g
PD100,오렌지화이트초코브리오슈 250,R100,우유,27,g
PD100,오렌지화이트초코브리오슈 250,R103,전란,15,g
PD100,오렌지화이트초코브리오슈 250,R117,유기농밀가루(제빵용),77,g
PD100,오렌지화이트초코브리오슈 250,R131,요거트,8,g
PD100,오렌지화이트초코브리오슈 250,R148,흑설탕,5,g
PD100,오렌지화이트초코브리오슈 250,R153,화이트초콜릿,16,g
PD100,오렌지화이트초코브리오슈 250,RM184,정제수,6,g
PD100,오렌지화이트초코브리오슈 250,SF001,,11,g
PD101,저당호밀100깜빠뉴740,R068,생이스트,2,g
PD101,저당호밀100깜빠뉴740,R071,소금,5,g
PD101,저당호밀100깜빠뉴740,R143,호밀가루,259,g
PD101,저당호밀100깜빠뉴740,RM184,정제수,173,g
PD101,저당호밀100깜빠뉴740,SF009,,31,g
PD101,저당호밀100깜빠뉴740,SF010,,280,g
PD102,저당호밀100사워도우식빵440 덧가루 토핑,R068,생이스트,1,g
PD102,저당호밀100사워도우식빵440 덧가루 토핑,R071,소금,3,g
PD102,저당호밀100사워도우식빵440 덧가루 토핑,R143,호밀가루,152,g
PD102,저당호밀100사워도우식빵440 덧가루 토핑,RM184,정제수,101,g
PD102,저당호밀100사워도우식빵440 덧가루 토핑,SF009,,18,g
PD102,저당호밀100사워도우식빵440 덧가루 토핑,SF010,,164,g
PD104,호밀사워도우 깜빠뉴800,R038,몰트엑기스,4,g
PD104,호밀사워도우 깜빠뉴800,R071,소금,7,g
PD104,호밀사워도우 깜빠뉴800,R102,유기농 T55,198,g
PD104,호밀사워도우 깜빠뉴800,R143,호밀가루,158,g
PD104,호밀사워도우 깜빠뉴800,RM184,정제수,324,g
PD104,호밀사워도우 깜빠뉴800,SF001,,79,g
PD104,호밀사워도우 깜빠뉴800,SF003,,79,g
PD105,호밀사워도우 피칸 깜빠뉴 630,R038,몰트엑기스,2,g
PD105,호밀사워도우 피칸 깜빠뉴 630,R071,소금,4,g
PD105,호밀사워도우 피칸 깜빠뉴 630,R102,유기농 T55,125,g
PD105,호밀사워도우 피칸 깜빠뉴 630,R134,피칸,100,g
PD105,호밀사워도우 피칸 깜빠뉴 630,R143,호밀가루,100,g
PD105,호밀사워도우 피칸 깜빠뉴 630,RM184,정제수,204,g
PD105,호밀사워도우 피칸 깜빠뉴 630,SF001,,50,g
PD105,호밀사워도우 피칸 깜빠뉴 630,SF003,,50,g
PD106,호밀사워도우 후르츠 사워도우 깜빠뉴 750,R012,건크랜베리,59,g
PD106,호밀사워도우 후르츠 사워도우 깜빠뉴 750,R030,레몬필,15,g
PD106,호밀사워도우 후르츠 사워도우 깜빠뉴 750,R038,몰트엑기스,3,g
PD106,호밀사워도우 후르츠 사워도우 깜빠뉴 750,R071,소금,5,g
PD106,호밀사워도우 후르츠 사워도우 깜빠뉴 750,R094,오렌지필,15,g
PD106,호밀사워도우 후르츠 사워도우 깜빠뉴 750,R102,유기농 T55,147,g
PD106,호밀사워도우 후르츠 사워도우 깜빠뉴 750,R142,호두(분태),37,g
PD106,호밀사워도우 후르츠 사워도우 깜빠뉴 750,R143,호밀가루,119,g
PD106,호밀사워도우 후르츠 사워도우 깜빠뉴 750,RM184,정제수,241,g
PD106,호밀사워도우 후르츠 사워도우 깜빠뉴 750,SF001,,59,g
PD106,호밀사워도우 후르츠 사워도우 깜빠뉴 750,SF003,,59,g
PD107,러스틱 호밀통밀 사워도우 슬랩 850,R038,몰트엑기스,5,g
PD107,러스틱 호밀통밀 사워도우 슬랩 850,R071,소금,8,g
PD107,러스틱 호밀통밀 사워도우 슬랩 850,R102,유기농 T55,308,g
PD107,러스틱 호밀통밀 사워도우 슬랩 850,R143,호밀가루,48,g
PD107,러스틱 호밀통밀 사워도우 슬랩 850,RM184,정제수,318,g
PD107,러스틱 호밀통밀 사워도우 슬랩 850,RM211,통밀(스테인메츠),29,g
PD107,러스틱 호밀통밀 사워도우 슬랩 850,SF001,,39,g
PD107,러스틱 호밀통밀 사워도우 슬랩 850,SF003,,96,g
PD108,러스틱 호밀통밀 사워도우 깜빠뉴 800,R038,몰트엑기스,5,g
PD108,러스틱 호밀통밀 사워도우 깜빠뉴 800,R071,소금,8,g
PD108,러스틱 호밀통밀 사워도우 깜빠뉴 800,R102,유기농 T55,308,g
PD108,러스틱 호밀통밀 사워도우 깜빠뉴 800,R143,호밀가루,48,g
PD108,러스틱 호밀통밀 사워도우 깜빠뉴 800,RM184,정제수,318,g
PD108,러스틱 호밀통밀 사워도우 깜빠뉴 800,RM211,통밀(스테인메츠),29,g
PD108,러스틱 호밀통밀 사워도우 깜빠뉴 800,SF001,,39,g
PD108,러스틱 호밀통밀 사워도우 깜빠뉴 800,SF003,,96,g
PD109,사워도우 슬랩850,R038,몰트엑기스,5,g
PD109,사워도우 슬랩850,R071,소금,8,g
PD109,사워도우 슬랩850,R102,유기농 T55,308,g
PD109,사워도우 슬랩850,R143,호밀가루,48,g
PD109,사워도우 슬랩850,RM184,정제수,318,g
PD109,사워도우 슬랩850,RM211,통밀(스테인메츠),29,g
PD109,사워도우 슬랩850,SF001,,39,g
PD109,사워도우 슬랩850,SF003,,96,g
PD110,사워도우 치아바타 600g,R070,유기농(설탕),6,g
PD110,사워도우 치아바타 600g,R071,소금,5,g
PD110,사워도우 치아바타 600g,R092,엑스트라 버진 올리브오일,14,g
PD110,사워도우 치아바타 600g,R102,유기농 T55,249,g
PD110,사워도우 치아바타 600g,RM184,정제수,201,g
PD110,사워도우 치아바타 600g,SF001,,57,g
PD110,사워도우 치아바타 600g,SF003,,77,g
PD111,사워도우 치아바타 무화과600g,R007,건조무화과,120,g
PD111,사워도우 치아바타 무화과600g,R070,유기농(설탕),6,g
PD111,사워도우 치아바타 무화과600g,R071,소금,5,g
PD111,사워도우 치아바타 무화과600g,R092,엑스트라 버진 올리브오일,14,g
PD111,사워도우 치아바타 무화과600g,R102,유기농 T55,249,g
PD111,사워도우 치아바타 무화과600g,RM184,정제수,201,g
PD111,사워도우 치아바타 무화과600g,SF001,,57,g
PD111,사워도우 치아바타 무화과600g,SF003,,77,g
PD112,사워도우 치아바타 올리브 치아바타600g,R070,유기농(설탕),6,g
PD112,사워도우 치아바타 올리브 치아바타600g,R071,소금,5,g
PD112,사워도우 치아바타 올리브 치아바타600g,R092,엑스트라 버진 올리브오일,14,g
PD112,사워도우 치아바타 올리브 치아바타600g,R102,유기농 T55,249,g
PD112,사워도우 치아바타 올리브 치아바타600g,R146,그린올리브(홀),120,g
PD112,사워도우 치아바타 올리브 치아바타600g,RM184,정제수,201,g
PD112,사워도우 치아바타 올리브 치아바타600g,SF001,,57,g
PD112,사워도우 치아바타 올리브 치아바타600g,SF003,,77,g
PD113,카카오깜바뉴 740g,R012,건크랜베리,41,g
PD113,카카오깜바뉴 740g,R025,분말(코코아),14,g
PD113,카카오깜바뉴 740g,R070,유기농(설탕),27,g
PD113,카카오깜바뉴 740g,R071,소금,5,g
PD113,카카오깜바뉴 740g,R102,유기농 T55,238,g
PD113,카카오깜바뉴 740g,R152,다크초콜릿,41,g
PD113,카카오깜바뉴 740g,RM184,정제수,56,g
PD113,카카오깜바뉴 740g,SF001,,82,g
PD113,카카오깜바뉴 740g,SF003,,73,g
PD114,더블초코깜빠뉴 450,R025,분말(코코아),8,g
PD114,더블초코깜빠뉴 450,R070,유기농(설탕),15,g
PD114,더블초코깜빠뉴 450,R071,소금,3,g
PD114,더블초코깜빠뉴 450,R102,유기농 T55,134,g
PD114,더블초코깜빠뉴 450,R152,다크초콜릿,40,g
PD114,더블초코깜빠뉴 450,R153,화이트초콜릿,35,g
PD114,더블초코깜빠뉴 450,RM184,정제수,31,g
PD114,더블초코깜빠뉴 450,SF001,,46,g
PD114,더블초코깜빠뉴 450,SF003,,41,g
PD115,사워도우 올리브가득 치아바타 슬랩860g,R063,블랙올리브(슬라이스),69,g
PD115,사워도우 올리브가득 치아바타 슬랩860g,R070,유기농(설탕),7,g
PD115,사워도우 올리브가득 치아바타 슬랩860g,R071,소금,6,g
PD115,사워도우 올리브가득 치아바타 슬랩860g,R102,유기농 T55,297,g
PD115,사워도우 올리브가득 치아바타 슬랩860g,R127,올리브유,17,g
PD115,사워도우 올리브가득 치아바타 슬랩860g,R146,그린올리브(홀),69,g
PD115,사워도우 올리브가득 치아바타 슬랩860g,RM184,정제수,240,g
PD115,사워도우 올리브가득 치아바타 슬랩860g,SF001,,69,g
PD115,사워도우 올리브가득 치아바타 슬랩860g,SF003,,91,g
PD116,씨앗가득 치아바타깜빠뉴 800,R014,검정깨,9,g
PD116,씨앗가득 치아바타깜빠뉴 800,R070,유기농(설탕),6,g
PD116,씨앗가득 치아바타깜빠뉴 800,R071,소금,6,g
PD116,씨앗가득 치아바타깜빠뉴 800,R092,엑스트라 버진 올리브오일,15,g
PD116,씨앗가득 치아바타깜빠뉴 800,R102,유기농 T55,256,g
PD116,씨앗가득 치아바타깜빠뉴 800,R136,해바라기씨,32,g
PD116,씨앗가득 치아바타깜빠뉴 800,R150,통아몬드,59,g
PD116,씨앗가득 치아바타깜빠뉴 800,RM147,호박씨,32,g
PD116,씨앗가득 치아바타깜빠뉴 800,RM184,정제수,144,g
PD116,씨앗가득 치아바타깜빠뉴 800,SF001,,59,g
PD116,씨앗가득 치아바타깜빠뉴 800,SF003,,79,g
PD117,씨앗가득 치아바타슬랩800g,R014,검정깨,9,g
PD117,씨앗가득 치아바타슬랩800g,R070,유기농(설탕),6,g
PD117,씨앗가득 치아바타슬랩800g,R071,소금,6,g
PD117,씨앗가득 치아바타슬랩800g,R092,엑스트라 버진 올리브오일,15,g
PD117,씨앗가득 치아바타슬랩800g,R102,유기농 T55,256,g
PD117,씨앗가득 치아바타슬랩800g,R136,해바라기씨,32,g
PD117,씨앗가득 치아바타슬랩800g,R150,통아몬드,59,g
PD117,씨앗가득 치아바타슬랩800g,RM147,호박씨,32,g
PD117,씨앗가득 치아바타슬랩800g,RM184,정제수,144,g
PD117,씨앗가득 치아바타슬랩800g,SF001,,59,g
PD117,씨앗가득 치아바타슬랩800g,SF003,,79,g
PD118,버터사워도우슬랩 820,R048,버터,20,g
PD118,버터사워도우슬랩 820,R070,유기농(설탕),8,g
PD118,버터사워도우슬랩 820,R071,소금,7,g
PD118,버터사워도우슬랩 820,R102,유기농 T55,347,g
PD118,버터사워도우슬랩 820,RM184,정제수,281,g
PD118,버터사워도우슬랩 820,SF001,,80,g
PD118,버터사워도우슬랩 820,SF003,,107,g
PD119,버터사워도우슬랩깜빠뉴 800,R048,버터,19,g
PD119,버터사워도우슬랩깜빠뉴 800,R070,유기농(설탕),8,g
PD119,버터사워도우슬랩깜빠뉴 800,R071,소금,7,g
PD119,버터사워도우슬랩깜빠뉴 800,R102,유기농 T55,339,g
PD119,버터사워도우슬랩깜빠뉴 800,RM184,정제수,274,g
PD119,버터사워도우슬랩깜빠뉴 800,SF001,,78,g
PD119,버터사워도우슬랩깜빠뉴 800,SF003,,104,g
PD120,올리브푸가스400+올리브80,R070,유기농(설탕),2,g
PD120,올리브푸가스400+올리브80,R071,소금,3,g
PD120,올리브푸가스400+올리브80,R092,엑스트라 버진 올리브오일,9,g
PD120,올리브푸가스400+올리브80,R093,오레가노럽드,0.4,g
PD120,올리브푸가스400+올리브80,R102,유기농 T55,147,g
PD120,올리브푸가스400+올리브80,RM184,정제수,119,g
PD120,올리브푸가스400+올리브80,SF001,,34,g
PD120,올리브푸가스400+올리브80,SF003,,90,g
PD121,오레가노 슬랩 800,R070,유기농(설탕),5,g
PD121,오레가노 슬랩 800,R071,소금,7,g
PD121,오레가노 슬랩 800,R092,엑스트라 버진 올리브오일,19,g
PD121,오레가노 슬랩 800,R093,오레가노럽드,1,g
PD121,오레가노 슬랩 800,R102,유기농 T55,294,g
PD121,오레가노 슬랩 800,RM184,정제수,237,g
PD121,오레가노 슬랩 800,SF001,,68,g
PD121,오레가노 슬랩 800,SF003,,181,g
PD122,토마토푸가스 400+ 토마토199,R070,유기농(설탕),2,g
PD122,토마토푸가스 400+ 토마토199,R071,소금,3,g
PD122,토마토푸가스 400+ 토마토199,R092,엑스트라 버진 올리브오일,9,g
PD122,토마토푸가스 400+ 토마토199,R093,오레가노럽드,0.4,g
PD122,토마토푸가스 400+ 토마토199,R102,유기농 T55,147,g
PD122,토마토푸가스 400+ 토마토199,RM184,정제수,119,g
PD122,토마토푸가스 400+ 토마토199,SF001,,34,g
PD122,토마토푸가스 400+ 토마토199,SF003,,90,g
PD123,프로틴플러스두부두유식빵(200g)-소가다,R002,W.P.C,22,g
PD123,프로틴플러스두부두유식빵(200g)-소가다,R023,두부,42,g
PD123,프로틴플러스두부두유식빵(200g)-소가다,R024,두유,77,g
PD123,프로틴플러스두부두유식빵(200g)-소가다,R048,버터,21,g
PD123,프로틴플러스두부두유식빵(200g)-소가다,R068,생이스트,8,g
PD123,프로틴플러스두부두유식빵(200g)-소가다,R071,소금,4,g
PD123,프로틴플러스두부두유식빵(200g)-소가다,R101,유기농 T65,31,g
PD123,프로틴플러스두부두유식빵(200g)-소가다,R102,유기농 T55,144,g
PD123,프로틴플러스두부두유식빵(200g)-소가다,R103,전란,21,g
PD123,프로틴플러스두부두유식빵(200g)-소가다,R129,올리고당,32,g
PD123,프로틴플러스두부두유식빵(200g)-소가다,SF001,,21,g
PD123,프로틴플러스두부두유식빵(200g)-소가다,SF006,,28,g
PD124,무염통밀빵(빵오르방) 800 g,R038,몰트엑기스,4,g
PD124,무염통밀빵(빵오르방) 800 g,R064,비타민C,0.1,g
PD124,무염통밀빵(빵오르방) 800 g,R068,생이스트,6,g
PD124,무염통밀빵(빵오르방) 800 g,R114,통밀(사조),246,g
PD124,무염통밀빵(빵오르방) 800 g,RM184,정제수,256,g
PD124,무염통밀빵(빵오르방) 800 g,RM211,통밀(스테인메츠),82,g
PD124,무염통밀빵(빵오르방) 800 g,SF002,,41,g
PD124,무염통밀빵(빵오르방) 800 g,SF008,,102,g
PD125,호밀사워도우 슬랩840,R038,몰트엑기스,4,g
PD125,호밀사워도우 슬랩840,R071,소금,7,g
PD125,호밀사워도우 슬랩840,R102,유기농 T55,198,g
PD125,호밀사워도우 슬랩840,R143,호밀가루,158,g
PD125,호밀사워도우 슬랩840,RM184,정제수,324,g
PD125,호밀사워도우 슬랩840,SF001,,79,g
PD125,호밀사워도우 슬랩840,SF003,,79,g
PD126,토마토푸가스 400+ 토마토 100,R070,유기농(설탕),2,g
PD126,토마토푸가스 400+ 토마토 100,R071,소금,3,g
PD126,토마토푸가스 400+ 토마토 100,R093,오레가노럽드,0.4,g
PD126,토마토푸가스 400+ 토마토 100,R102,유기농 T55,147,g
PD126,토마토푸가스 400+ 토마토 100,RM184,정제수,119,g
PD126,토마토푸가스 400+ 토마토 100,SF001,,34,g
PD126,토마토푸가스 400+ 토마토 100,SF003,,90,g
PD127,카카오통밀크림치즈 깜바뉴270 + 크림치즈90g,R012,건크랜베리,41,g
PD127,카카오통밀크림치즈 깜바뉴270 + 크림치즈90g,R020,다크초코칩,23,g
PD127,카카오통밀크림치즈 깜바뉴270 + 크림치즈90g,R025,분말(코코아),5,g
PD127,카카오통밀크림치즈 깜바뉴270 + 크림치즈90g,R026,라임주스,3.5,g
PD127,카카오통밀크림치즈 깜바뉴270 + 크림치즈90g,R047,백설탕,2,g
PD127,카카오통밀크림치즈 깜바뉴270 + 크림치즈90g,R068,생이스트,4,g
PD127,카카오통밀크림치즈 깜바뉴270 + 크림치즈90g,R071,소금,2,g
PD127,카카오통밀크림치즈 깜바뉴270 + 크림치즈90g,R111,크림치즈,90,g
PD127,카카오통밀크림치즈 깜바뉴270 + 크림치즈90g,R114,통밀(사조),60.9,g
PD127,카카오통밀크림치즈 깜바뉴270 + 크림치즈90g,RM184,정제수,66,g
PD127,카카오통밀크림치즈 깜바뉴270 + 크림치즈90g,RM211,통밀(스테인메츠),26.1,g
PD127,카카오통밀크림치즈 깜바뉴270 + 크림치즈90g,SF002,,45,g
PD128,"프레드 촉촉한 카카오, 1개, 100g",R001,I.S.P,3.4,g
PD128,"프레드 촉촉한 카카오, 1개, 100g",R002,W.P.C,5.6,g
PD128,"프레드 촉촉한 카카오, 1개, 100g",R003,W.P.I,0.7,g
PD128,"프레드 촉촉한 카카오, 1개, 100g",R016,난백,31.6,g
PD128,"프레드 촉촉한 카카오, 1개, 100g",R017,난황,12,g
PD128,"프레드 촉촉한 카카오, 1개, 100g",R020,다크초코칩,2.5,g
PD128,"프레드 촉촉한 카카오, 1개, 100g",R025,분말(코코아),4.1,g
PD128,"프레드 촉촉한 카카오, 1개, 100g",R057,분말(발아현미),6.8,g
PD128,"프레드 촉촉한 카카오, 1개, 100g",R079,아몬드슬라이스,2.7,g
PD128,"프레드 촉촉한 카카오, 1개, 100g",R100,우유,14.3,g
PD128,"프레드 촉촉한 카카오, 1개, 100g",R126,포도씨유,1.8,g
PD128,"프레드 촉촉한 카카오, 1개, 100g",R129,올리고당,14.3,g
PD129,"프레드 촉촉한 단호박, 1개, 100g",R001,I.S.P,3.6,g
PD129,"프레드 촉촉한 단호박, 1개, 100g",R002,W.P.C,5.7,g
PD129,"프레드 촉촉한 단호박, 1개, 100g",R003,W.P.I,0.8,g
PD129,"프레드 촉촉한 단호박, 1개, 100g",R016,난백,34,g
PD129,"프레드 촉촉한 단호박, 1개, 100g",R017,난황,12.2,g
PD129,"프레드 촉촉한 단호박, 1개, 100g",R056,분말(단호박),8.3,g
PD129,"프레드 촉촉한 단호박, 1개, 100g",R057,분말(발아현미),5.7,g
PD129,"프레드 촉촉한 단호박, 1개, 100g",R100,우유,14.4,g
PD129,"프레드 촉촉한 단호박, 1개, 100g",R126,포도씨유,1.8,g
PD129,"프레드 촉촉한 단호박, 1개, 100g",R129,올리고당,14.4,g
PD130,"프레드 촉촉한 얼그레이, 1개 100g",R001,I.S.P,3.9,g
PD130,"프레드 촉촉한 얼그레이, 1개 100g",R002,W.P.C,6.2,g
PD130,"프레드 촉촉한 얼그레이, 1개 100g",R003,W.P.I,0.8,g
PD130,"프레드 촉촉한 얼그레이, 1개 100g",R016,난백,35.1,g
PD130,"프레드 촉촉한 얼그레이, 1개 100g",R017,난황,13.2,g
PD130,"프레드 촉촉한 얼그레이, 1개 100g",R057,분말(발아현미),7.8,g
PD130,"프레드 촉촉한 얼그레이, 1개 100g",R088,얼그레이,0.8,g
PD130,"프레드 촉촉한 얼그레이, 1개 100g",R100,우유,9.7,g
PD130,"프레드 촉촉한 얼그레이, 1개 100g",R126,포도씨유,1.9,g
PD130,"프레드 촉촉한 얼그레이, 1개 100g",R129,올리고당,15.5,g
PD131,"프레드 촉촉한 모카, 1개, 100g",R001,I.S.P,3.7,g
PD131,"프레드 촉촉한 모카, 1개, 100g",R002,W.P.C,5.9,g
PD131,"프레드 촉촉한 모카, 1개, 100g",R003,W.P.I,0.8,g
PD131,"프레드 촉촉한 모카, 1개, 100g",R016,난백,33.3,g
PD131,"프레드 촉촉한 모카, 1개, 100g",R017,난황,12.4,g
PD131,"프레드 촉촉한 모카, 1개, 100g",R020,다크초코칩,2.7,g
PD131,"프레드 촉촉한 모카, 1개, 100g",R057,분말(발아현미),7.3,g
PD131,"프레드 촉촉한 모카, 1개, 100g",R061,분말(커피),3.7,g
PD131,"프레드 촉촉한 모카, 1개, 100g",R100,우유,9.6,g
PD131,"프레드 촉촉한 모카, 1개, 100g",R126,포도씨유,1.8,g
PD131,"프레드 촉촉한 모카, 1개, 100g",R129,올리고당,16.5,g
PD132,"프레드 촉촉한 당근, 1개, 100g",R001,I.S.P,3.3,g
PD132,"프레드 촉촉한 당근, 1개, 100g",R002,W.P.C,5.2,g
PD132,"프레드 촉촉한 당근, 1개, 100g",R003,W.P.I,0.7,g
PD132,"프레드 촉촉한 당근, 1개, 100g",R016,난백,30.7,g
PD132,"프레드 촉촉한 당근, 1개, 100g",R017,난황,11.2,g
PD132,"프레드 촉촉한 당근, 1개, 100g",R022,당근,12.1,g
PD132,"프레드 촉촉한 당근, 1개, 100g",R053,분말(계피),0.4,g
PD132,"프레드 촉촉한 당근, 1개, 100g",R057,분말(발아현미),6.5,g
PD132,"프레드 촉촉한 당근, 1개, 100g",R100,우유,11.7,g
PD132,"프레드 촉촉한 당근, 1개, 100g",R126,포도씨유,1.9,g
PD132,"프레드 촉촉한 당근, 1개, 100g",R129,올리고당,16.4,g
PD133,"프레도 촉촉한 옥수수, 1개, 100g",R001,I.S.P,3.5,g
PD133,"프레도 촉촉한 옥수수, 1개, 100g",R002,W.P.C,5.5,g
PD133,"프레도 촉촉한 옥수수, 1개, 100g",R003,W.P.I,0.7,g
PD133,"프레도 촉촉한 옥수수, 1개, 100g",R016,난백,32.9,g
PD133,"프레도 촉촉한 옥수수, 1개, 100g",R017,난황,12.3,g
PD133,"프레도 촉촉한 옥수수, 1개, 100g",R057,분말(발아현미),6.9,g
PD133,"프레도 촉촉한 옥수수, 1개, 100g",R072,스위트콘,9.2,g
PD133,"프레도 촉촉한 옥수수, 1개, 100g",R097,옥수수전분,3.5,g
PD133,"프레도 촉촉한 옥수수, 1개, 100g",R100,우유,13.8,g
PD133,"프레도 촉촉한 옥수수, 1개, 100g",R126,포도씨유,1.8,g
PD133,"프레도 촉촉한 옥수수, 1개, 100g",R129,올리고당,13.8,g
PD134,"프레드 촉촉한 쑥, 1개, 100g",R001,I.S.P,3.8,g
PD134,"프레드 촉촉한 쑥, 1개, 100g",R002,W.P.C,6.1,g
PD134,"프레드 촉촉한 쑥, 1개, 100g",R003,W.P.I,0.8,g
PD134,"프레드 촉촉한 쑥, 1개, 100g",R004,강낭콩배기,2.7,g
PD134,"프레드 촉촉한 쑥, 1개, 100g",R016,난백,34.6,g
PD134,"프레드 촉촉한 쑥, 1개, 100g",R017,난황,13,g
PD134,"프레드 촉촉한 쑥, 1개, 100g",R057,분말(발아현미),7.6,g
PD134,"프레드 촉촉한 쑥, 1개, 100g",R058,분말(쑥),1.5,g
PD134,"프레드 촉촉한 쑥, 1개, 100g",R100,우유,15.3,g
PD134,"프레드 촉촉한 쑥, 1개, 100g",R126,포도씨유,1.9,g
PD134,"프레드 촉촉한 쑥, 1개, 100g",R129,올리고당,15.3,g
PD135,"프레드 촉촉한 녹차, 1개,100g",R001,I.S.P,3.7,g
PD135,"프레드 촉촉한 녹차, 1개,100g",R002,W.P.C,5.8,g
PD135,"프레드 촉촉한 녹차, 1개,100g",R003,W.P.I,0.8,g
PD135,"프레드 촉촉한 녹차, 1개,100g",R009,건조코코넛,1.5,g
PD135,"프레드 촉촉한 녹차, 1개,100g",R011,건조파파야다이스,1.5,g
PD135,"프레드 촉촉한 녹차, 1개,100g",R016,난백,33.3,g
PD135,"프레드 촉촉한 녹차, 1개,100g",R017,난황,12.6,g
PD135,"프레드 촉촉한 녹차, 1개,100g",R055,분말(녹차),2.2,g
PD135,"프레드 촉촉한 녹차, 1개,100g",R057,분말(발아현미),7.4,g
PD135,"프레드 촉촉한 녹차, 1개,100g",R100,우유,14.7,g
PD135,"프레드 촉촉한 녹차, 1개,100g",R122,파인애플 청크,1.5,g
PD135,"프레드 촉촉한 녹차, 1개,100g",R126,포도씨유,1.9,g
PD135,"프레드 촉촉한 녹차, 1개,100g",R129,올리고당,17.7,g
PD136,"아몬드펭귄쿠키, 1개, 180g",R017,난황,13.9,g
PD136,"아몬드펭귄쿠키, 1개, 180g",R048,버터,51.9,g
PD136,"아몬드펭귄쿠키, 1개, 180g",R070,유기농(설탕),42.6,g
PD136,"아몬드펭귄쿠키, 1개, 180g",R071,소금,0.5,g
PD136,"아몬드펭귄쿠키, 1개, 180g",R078,아몬드분말95,30.6,g
PD136,"아몬드펭귄쿠키, 1개, 180g",R77,유기농박력(터키),73.4,g
PD137,"귀여운 아몬드펭귄쿠키,100g (컬리)",R017,난황,7.7,g
PD137,"귀여운 아몬드펭귄쿠키,100g (컬리)",R048,버터,28.8,g
PD137,"귀여운 아몬드펭귄쿠키,100g (컬리)",R071,소금,0.3,g
PD137,"귀여운 아몬드펭귄쿠키,100g (컬리)",R078,아몬드분말95,17,g
PD137,"귀여운 아몬드펭귄쿠키,100g (컬리)",R77,유기농박력(터키),40.8,g
PD138,"화이트마카다미아,100g",R012,건크랜베리,7.7,g
PD138,"화이트마카다미아,100g",R035,마카다미아분태,7.3,g
PD138,"화이트마카다미아,100g",R048,버터,15.5,g
PD138,"화이트마카다미아,100g",R050,베이킹파우더,1.5,g
PD138,"화이트마카다미아,100g",R053,분말(계피),0.8,g
PD138,"화이트마카다미아,100g",R103,전란,7.7,g
PD138,"화이트마카다미아,100g",R148,흑설탕,7.7,g
PD138,"화이트마카다미아,100g",R153,화이트초콜릿,29,g
PD138,"화이트마카다미아,100g",R77,유기농박력(터키),27.1,g
PD139,"사브레쇼콜라 쿠키, 1개, 180g",R025,분말(코코아),6,g
PD139,"사브레쇼콜라 쿠키, 1개, 180g",R048,버터,52.2,g
PD139,"사브레쇼콜라 쿠키, 1개, 180g",R070,유기농(설탕),44.8,g
PD139,"사브레쇼콜라 쿠키, 1개, 180g",R071,소금,0.6,g
PD139,"사브레쇼콜라 쿠키, 1개, 180g",R079,아몬드슬라이스,14.9,g
PD139,"사브레쇼콜라 쿠키, 1개, 180g",R103,전란,9,g
PD139,"사브레쇼콜라 쿠키, 1개, 180g",R152,다크초콜릿,10.4,g
PD139,"사브레쇼콜라 쿠키, 1개, 180g",R77,유기농박력(터키),74.6,g
PD140,"샤브레초코, 100g (컬리)",R025,분말(코코아),3.3,g
PD140,"샤브레초코, 100g (컬리)",R048,버터,29,g
PD140,"샤브레초코, 100g (컬리)",R070,유기농(설탕),24.9,g
PD140,"샤브레초코, 100g (컬리)",R071,소금,0.3,g
PD140,"샤브레초코, 100g (컬리)",R079,아몬드슬라이스,8.3,g
PD140,"샤브레초코, 100g (컬리)",R103,전란,5,g
PD140,"샤브레초코, 100g (컬리)",R152,다크초콜릿,5.8,g
PD140,"샤브레초코, 100g (컬리)",R77,유기농박력(터키),41.4,g
PD141,"비엔나커피 , 100g (컬리)",R016,난백,7,g
PD141,"비엔나커피 , 100g (컬리)",R048,버터,41.8,g
PD141,"비엔나커피 , 100g (컬리)",R061,분말(커피),3,g
PD141,"비엔나커피 , 100g (컬리)",R070,유기농(설탕),16.7,g
PD141,"비엔나커피 , 100g (컬리)",R071,소금,0.3,g
PD141,"비엔나커피 , 100g (컬리)",R77,유기농박력(터키),49.2,g
PD142,"비엔나카카오, 100g (컬리)",R016,난백,7.1,g
PD142,"비엔나카카오, 100g (컬리)",R025,분말(코코아),5,g
PD142,"비엔나카카오, 100g (컬리)",R048,버터,43.1,g
PD142,"비엔나카카오, 100g (컬리)",R070,유기농(설탕),17.2,g
PD142,"비엔나카카오, 100g (컬리)",R071,소금,0.7,g
PD142,"비엔나카카오, 100g (컬리)",R77,유기농박력(터키),44.8,g
PD143,"비엔나플레인, 100g (컬리)",R016,난백,7,g
PD143,"비엔나플레인, 100g (컬리)",R048,버터,42.7,g
PD143,"비엔나플레인, 100g (컬리)",R070,유기농(설탕),17.1,g
PD143,"비엔나플레인, 100g (컬리)",R071,소금,0.7,g
PD143,"비엔나플레인, 100g (컬리)",R77,유기농박력(터키),50.5,g
PD144,"비엔나그린티, 100g (컬리)",R016,난백,7,g
PD144,"비엔나그린티, 100g (컬리)",R048,버터,42.6,g
PD144,"비엔나그린티, 100g (컬리)",R055,분말(녹차),4.6,g
PD144,"비엔나그린티, 100g (컬리)",R071,소금,0.3,g
PD145,크랜베리쇼트 100g,R012,건크랜베리,10.9,g
PD145,크랜베리쇼트 100g,R048,버터,36.2,g
PD145,크랜베리쇼트 100g,R069,생크림,4.5,g
PD145,크랜베리쇼트 100g,R071,소금,0.3,g
PD145,크랜베리쇼트 100g,R103,전란,3.6,g
PD145,크랜베리쇼트 100g,R77,유기농박력(터키),48.9,g
PD146,"플레인버터쿠키, 1개, 180g",R016,난백,12.6,g
PD146,"플레인버터쿠키, 1개, 180g",R048,버터,76.9,g
PD146,"플레인버터쿠키, 1개, 180g",R070,유기농(설탕),30.8,g
PD146,"플레인버터쿠키, 1개, 180g",R071,소금,1.3,g
PD146,"플레인버터쿠키, 1개, 180g",R77,유기농박력(터키),90.9,g
PD147,"플레인버터쿠키, 1개, 100g",R016,난백,7,g
PD147,"플레인버터쿠키, 1개, 100g",R048,버터,42.7,g
PD147,"플레인버터쿠키, 1개, 100g",R071,소금,0.7,g
PD147,"플레인버터쿠키, 1개, 100g",R77,유기농박력(터키),50.5,g
PD148,먹물모닝 (쿠팡9알)  36g~38g,R032,롤치즈,19,g
PD148,먹물모닝 (쿠팡9알)  36g~38g,R038,몰트엑기스,0.4,g
PD148,먹물모닝 (쿠팡9알)  36g~38g,R040,물엿,2,g
PD148,먹물모닝 (쿠팡9알)  36g~38g,R048,버터,14,g
PD148,먹물모닝 (쿠팡9알)  36g~38g,R068,생이스트,3,g
PD148,먹물모닝 (쿠팡9알)  36g~38g,R070,유기농(설탕),14,g
PD148,먹물모닝 (쿠팡9알)  36g~38g,R071,소금,2,g
PD148,먹물모닝 (쿠팡9알)  36g~38g,R095,오징어먹물,2,g
PD148,먹물모닝 (쿠팡9알)  36g~38g,R100,우유,18,g
PD148,먹물모닝 (쿠팡9알)  36g~38g,R101,유기농 T65,24,g
PD148,먹물모닝 (쿠팡9알)  36g~38g,R102,유기농 T55,66,g
PD148,먹물모닝 (쿠팡9알)  36g~38g,R103,전란,14,g
PD148,먹물모닝 (쿠팡9알)  36g~38g,R137,해바라기유,5,g
PD148,먹물모닝 (쿠팡9알)  36g~38g,RM184,정제수,18,g
PD148,먹물모닝 (쿠팡9알)  36g~38g,SF001,,18,g
PD149,"사브레 더블초코단호박쿠키, 1개, 100g",R020,다크초코칩,3.4,g
PD149,"사브레 더블초코단호박쿠키, 1개, 100g",R048,버터,28.6,g
PD149,"사브레 더블초코단호박쿠키, 1개, 100g",R056,분말(단호박),4.2,g
PD149,"사브레 더블초코단호박쿠키, 1개, 100g",R071,소금,0.3,g
PD149,"사브레 더블초코단호박쿠키, 1개, 100g",R103,전란,4.9,g
PD149,"사브레 더블초코단호박쿠키, 1개, 100g",R153,화이트초콜릿,5.6,g
PD150,"사브레 더블초코단호박쿠키, 1개, 180g",R020,다크초코칩,6.1,g
PD150,"사브레 더블초코단호박쿠키, 1개, 180g",R048,버터,51.5,g
PD150,"사브레 더블초코단호박쿠키, 1개, 180g",R056,분말(단호박),7.6,g
PD150,"사브레 더블초코단호박쿠키, 1개, 180g",R070,유기농(설탕),44.1,g
PD150,"사브레 더블초코단호박쿠키, 1개, 180g",R071,소금,0.6,g
PD150,"사브레 더블초코단호박쿠키, 1개, 180g",R103,전란,8.8,g
PD150,"사브레 더블초코단호박쿠키, 1개, 180g",R153,화이트초콜릿,10.1,g
PD150,"사브레 더블초코단호박쿠키, 1개, 180g",R77,유기농박력(터키),73.5,g
PD151,통밀흑임자깜빠뉴 530g,R014,검정깨,39,g
PD151,통밀흑임자깜빠뉴 530g,R038,몰트엑기스,4,g
PD151,통밀흑임자깜빠뉴 530g,R064,비타민C,0.11,g
PD151,통밀흑임자깜빠뉴 530g,R068,생이스트,4,g
PD151,통밀흑임자깜빠뉴 530g,R071,소금,3,g
PD151,통밀흑임자깜빠뉴 530g,R114,통밀(사조),140,g
PD151,통밀흑임자깜빠뉴 530g,R129,올리고당,21,g
PD151,통밀흑임자깜빠뉴 530g,R136,해바라기씨,49,g
PD151,통밀흑임자깜빠뉴 530g,R137,해바라기유,14,g
PD151,통밀흑임자깜빠뉴 530g,R142,호두(분태),21,g
PD151,통밀흑임자깜빠뉴 530g,RM184,정제수,107,g
PD151,통밀흑임자깜빠뉴 530g,RM211,통밀(스테인메츠),35,g
PD151,통밀흑임자깜빠뉴 530g,SF002,,70,g
PD151,통밀흑임자깜빠뉴 530g,SF007,,53,g
PD152,순수통밀플렛브레드110g,R038,몰트엑기스,6,g
PD152,순수통밀플렛브레드110g,R064,비타민C,0.05,g
PD152,순수통밀플렛브레드110g,R068,생이스트,16,g
PD152,순수통밀플렛브레드110g,R071,소금,10,g
PD152,순수통밀플렛브레드110g,R114,통밀(사조),494,g
PD152,순수통밀플렛브레드110g,RM184,정제수,462,g
PD152,순수통밀플렛브레드110g,RM211,통밀(스테인메츠),200,g
PD152,순수통밀플렛브레드110g,SF002,,62,g
PD152,순수통밀플렛브레드110g,SF008,,154,g
PD154,호밀통밀플렛브레드110g,R038,몰트엑기스,1,g
PD154,호밀통밀플렛브레드110g,R064,비타민C,0.02,g
PD154,호밀통밀플렛브레드110g,R068,생이스트,5,g
PD154,호밀통밀플렛브레드110g,R071,소금,5,g
PD154,호밀통밀플렛브레드110g,R102,유기농 T55,133,g
PD154,호밀통밀플렛브레드110g,R117,유기농밀가루(제빵용),57,g
PD154,호밀통밀플렛브레드110g,R143,호밀가루,30,g
PD154,호밀통밀플렛브레드110g,RM184,정제수,136.6,g
PD154,호밀통밀플렛브레드110g,RM211,통밀(스테인메츠),18,g
PD154,호밀통밀플렛브레드110g,SF001,,24,g
PD154,호밀통밀플렛브레드110g,SF003,,59,g
PD155,플레인쌀깜바뉴 580g,R005,햇방아쌀가루,229,g
PD155,플레인쌀깜바뉴 580g,R038,몰트엑기스,5,g
PD155,플레인쌀깜바뉴 580g,R048,버터,25,g
PD155,플레인쌀깜바뉴 580g,R068,생이스트,4,g
PD155,플레인쌀깜바뉴 580g,R071,소금,5,g
PD155,플레인쌀깜바뉴 580g,R100,우유,64,g
PD155,플레인쌀깜바뉴 580g,R129,올리고당,31,g
PD155,플레인쌀깜바뉴 580g,RM184,정제수,76,g
PD155,플레인쌀깜바뉴 580g,SF004,,76,g
PD155,플레인쌀깜바뉴 580g,SF005,,64,g
PD156,"유니콘쿠키만들기세트(아몬드),1개,150g",R017,난황,11.5,g
PD156,"유니콘쿠키만들기세트(아몬드),1개,150g",R048,버터,42.9,g
PD156,"유니콘쿠키만들기세트(아몬드),1개,150g",R070,유기농(설탕),35.2,g
PD156,"유니콘쿠키만들기세트(아몬드),1개,150g",R071,소금,1.5,g
PD156,"유니콘쿠키만들기세트(아몬드),1개,150g",R078,아몬드분말95,25.3,g
PD156,"유니콘쿠키만들기세트(아몬드),1개,150g",R083,아트펜 옐로우,20,g
PD156,"유니콘쿠키만들기세트(아몬드),1개,150g",R085,아트펜 퍼플,20,g
PD156,"유니콘쿠키만들기세트(아몬드),1개,150g",R086,아트펜 핑크,20,g
PD156,"유니콘쿠키만들기세트(아몬드),1개,150g",R77,유기농박력(터키),60.6,g
PD157,"강아지쿠키만들기세트(카카오),1개,150g",R017,난황,11.4,g
PD157,"강아지쿠키만들기세트(카카오),1개,150g",R025,분말(코코아),5.2,g
PD157,"강아지쿠키만들기세트(카카오),1개,150g",R048,버터,43.7,g
PD157,"강아지쿠키만들기세트(카카오),1개,150g",R071,소금,0.4,g
PD157,"강아지쿠키만들기세트(카카오),1개,150g",R078,아몬드분말95,23.2,g
PD157,"강아지쿠키만들기세트(카카오),1개,150g",R080,아트펜 그린,20,g
PD157,"강아지쿠키만들기세트(카카오),1개,150g",R081,아트펜 다크,20,g
PD157,"강아지쿠키만들기세트(카카오),1개,150g",R087,아트펜 화이트,20,g
PD157,"강아지쿠키만들기세트(카카오),1개,150g",R152,다크초콜릿,3.3,g
PD157,"강아지쿠키만들기세트(카카오),1개,150g",R77,유기농박력(터키),51.3,g
PD158,"하트쿠키만들기세트(아몬드),1개,100g",R017,난황,7.7,g
PD158,"하트쿠키만들기세트(아몬드),1개,100g",R048,버터,28.6,g
PD158,"하트쿠키만들기세트(아몬드),1개,100g",R071,소금,1,g
PD158,"하트쿠키만들기세트(아몬드),1개,100g",R078,아몬드분말95,16.9,g
PD158,"하트쿠키만들기세트(아몬드),1개,100g",R081,아트펜 다크,20,g
PD158,"하트쿠키만들기세트(아몬드),1개,100g",R086,아트펜 핑크,20,g
PD158,"하트쿠키만들기세트(아몬드),1개,100g",R77,유기농박력(터키),40.4,g
PD159,"초코스콘 2개입, 160g",R025,분말(코코아),6.8,g
PD159,"초코스콘 2개입, 160g",R043,바닐프로,1.6,g
PD159,"초코스콘 2개입, 160g",R048,버터,27.2,g
PD159,"초코스콘 2개입, 160g",R049,베이킹소다,0.7,g
PD159,"초코스콘 2개입, 160g",R050,베이킹파우더,1.4,g
PD159,"초코스콘 2개입, 160g",R070,유기농(설탕),17,g
PD159,"초코스콘 2개입, 160g",R071,소금,0.7,g
PD159,"초코스콘 2개입, 160g",R103,전란,10.9,g
PD159,"초코스콘 2개입, 160g",R109,코팅다크,10,g
PD159,"초코스콘 2개입, 160g",R131,요거트,40.3,g
PD159,"초코스콘 2개입, 160g",R152,다크초콜릿,20.4,g
PD159,"초코스콘 2개입, 160g",R77,유기농박력(터키),61.2,g
PD160,"초코스콘 1개입, 80g",R025,분말(코코아),3.4,g
PD160,"초코스콘 1개입, 80g",R043,바닐프로,0.8,g
PD160,"초코스콘 1개입, 80g",R048,버터,13.6,g
PD160,"초코스콘 1개입, 80g",R049,베이킹소다,0.3,g
PD160,"초코스콘 1개입, 80g",R050,베이킹파우더,0.7,g
PD160,"초코스콘 1개입, 80g",R070,유기농(설탕),8.5,g
PD160,"초코스콘 1개입, 80g",R071,소금,0.3,g
PD160,"초코스콘 1개입, 80g",R103,전란,5.4,g
PD160,"초코스콘 1개입, 80g",R109,코팅다크,5,g
PD160,"초코스콘 1개입, 80g",R131,요거트,20.1,g
PD160,"초코스콘 1개입, 80g",R152,다크초콜릿,10.2,g
PD160,"초코스콘 1개입, 80g",R77,유기농박력(터키),30.6,g
PD161,베이글플레인 150g (4개),R038,몰트엑기스,7,g
PD161,베이글플레인 150g (4개),R068,생이스트,1,g
PD161,베이글플레인 150g (4개),R071,소금,1,g
PD161,베이글플레인 150g (4개),R102,유기농 T55,56,g
PD161,베이글플레인 150g (4개),R117,유기농밀가루(제빵용),24,g
PD161,베이글플레인 150g (4개),R126,포도씨유,3,g
PD161,베이글플레인 150g (4개),RM184,정제수,44,g
PD161,베이글플레인 150g (4개),SF001,,10,g
PD161,베이글플레인 150g (4개),SF006,,7,g
PD162,미니먹물치즈식빵(100gx2),R032,롤치즈,19,g
PD162,미니먹물치즈식빵(100gx2),R037,모짜렐라치즈,30,g
PD162,미니먹물치즈식빵(100gx2),R038,몰트엑기스,0.4,g
PD162,미니먹물치즈식빵(100gx2),R040,물엿,2,g
PD162,미니먹물치즈식빵(100gx2),R048,버터,14,g
PD162,미니먹물치즈식빵(100gx2),R068,생이스트,3,g
PD162,미니먹물치즈식빵(100gx2),R070,유기농(설탕),14,g
PD162,미니먹물치즈식빵(100gx2),R071,소금,2,g
PD162,미니먹물치즈식빵(100gx2),R090,에멘탈치즈스프레드,10,g
PD162,미니먹물치즈식빵(100gx2),R095,오징어먹물,2,g
PD162,미니먹물치즈식빵(100gx2),R100,우유,18,g
PD162,미니먹물치즈식빵(100gx2),R101,유기농 T65,24,g
PD162,미니먹물치즈식빵(100gx2),R102,유기농 T55,66,g
PD162,미니먹물치즈식빵(100gx2),R103,전란,14,g
PD162,미니먹물치즈식빵(100gx2),R126,포도씨유,5,g
PD162,미니먹물치즈식빵(100gx2),RM162,아메리칸슬라이스치즈,20,g
PD162,미니먹물치즈식빵(100gx2),RM184,정제수,18,g
PD162,미니먹물치즈식빵(100gx2),SF001,,18,g
PD163,"사브레통밀쿠키, 1개, 180g",R048,버터,67.2,g
PD163,"사브레통밀쿠키, 1개, 180g",R069,생크림,10.1,g
PD163,"사브레통밀쿠키, 1개, 180g",R070,유기농(설탕),26.9,g
PD163,"사브레통밀쿠키, 1개, 180g",R071,소금,0.7,g
PD163,"사브레통밀쿠키, 1개, 180g",R114,통밀(사조),40.3,g
PD163,"사브레통밀쿠키, 1개, 180g",R77,유기농박력(터키),67.2,g
PD164,순수 호밀통밀빵 820g,R038,몰트엑기스,4,g
PD164,순수 호밀통밀빵 820g,R064,비타민C,0.05,g
PD164,순수 호밀통밀빵 820g,R068,생이스트,7,g
PD164,순수 호밀통밀빵 820g,R071,소금,7,g
PD164,순수 호밀통밀빵 820g,R104,유기농통밀(사조),141,g
PD164,순수 호밀통밀빵 820g,R143,호밀가루,121,g
PD164,순수 호밀통밀빵 820g,RM184,정제수,283,g
PD164,순수 호밀통밀빵 820g,RM211,통밀(스테인메츠),57,g
PD164,순수 호밀통밀빵 820g,SF002,,40,g
PD164,순수 호밀통밀빵 820g,SF008,,101,g
PD165,올리브베이글 150g (3개) (140g+13g),R038,몰트엑기스,7,g
PD165,올리브베이글 150g (3개) (140g+13g),R063,블랙올리브(슬라이스),13,g
PD165,올리브베이글 150g (3개) (140g+13g),R068,생이스트,1,g
PD165,올리브베이글 150g (3개) (140g+13g),R071,소금,1,g
PD165,올리브베이글 150g (3개) (140g+13g),R102,유기농 T55,56,g
PD165,올리브베이글 150g (3개) (140g+13g),R126,포도씨유,3,g
PD165,올리브베이글 150g (3개) (140g+13g),R76,유기농강력(터키),24,g
PD165,올리브베이글 150g (3개) (140g+13g),RM184,정제수,44,g
PD165,올리브베이글 150g (3개) (140g+13g),SF001,,10,g
PD165,올리브베이글 150g (3개) (140g+13g),SF006,,7,g
PD166,올리브베이글 150g (3개) (140g+13g),R038,몰트엑기스,15.7,g
PD166,올리브베이글 150g (3개) (140g+13g),R063,블랙올리브(슬라이스),37.3,g
PD166,올리브베이글 150g (3개) (140g+13g),R068,생이스트,2.2,g
PD166,올리브베이글 150g (3개) (140g+13g),R071,소금,3.5,g
PD166,올리브베이글 150g (3개) (140g+13g),R102,유기농 T55,159.25,g
PD166,올리브베이글 150g (3개) (140g+13g),R126,포도씨유,9.3,g
PD166,올리브베이글 150g (3개) (140g+13g),RM184,정제수,111.9,g
PD166,올리브베이글 150g (3개) (140g+13g),SF001,,29.8,g
PD166,올리브베이글 150g (3개) (140g+13g),SF006,,18.7,g
PD167,올리브베이글 150g (1개) (140g+13g),R038,몰트엑기스,7,g
PD167,올리브베이글 150g (1개) (140g+13g),R063,블랙올리브(슬라이스),13,g
PD167,올리브베이글 150g (1개) (140g+13g),R068,생이스트,1,g
PD167,올리브베이글 150g (1개) (140g+13g),R071,소금,1,g
PD167,올리브베이글 150g (1개) (140g+13g),R102,유기농 T55,56,g
PD167,올리브베이글 150g (1개) (140g+13g),R126,포도씨유,3,g
PD167,올리브베이글 150g (1개) (140g+13g),R76,유기농강력(터키),24,g
PD167,올리브베이글 150g (1개) (140g+13g),RM184,정제수,44,g
PD167,올리브베이글 150g (1개) (140g+13g),SF001,,10,g
PD167,올리브베이글 150g (1개) (140g+13g),SF006,,7,g
PD168,올리브베이글 150g (3개) (140g+13g),R038,몰트엑기스,15.7,g
PD168,올리브베이글 150g (3개) (140g+13g),R063,블랙올리브(슬라이스),37.3,g
PD168,올리브베이글 150g (3개) (140g+13g),R068,생이스트,2.2,g
PD168,올리브베이글 150g (3개) (140g+13g),R071,소금,3.5,g
PD168,올리브베이글 150g (3개) (140g+13g),R102,유기농 T55,159.25,g
PD168,올리브베이글 150g (3개) (140g+13g),R126,포도씨유,9.3,g
PD168,올리브베이글 150g (3개) (140g+13g),R76,유기농강력(터키),68.25,g
PD168,올리브베이글 150g (3개) (140g+13g),RM184,정제수,111.9,g
PD168,올리브베이글 150g (3개) (140g+13g),SF001,,29.8,g
PD168,올리브베이글 150g (3개) (140g+13g),SF006,,18.7,g
PD169,무화과베이글150g (140g+13g),R008,건조무화과다이스,13,g
PD169,무화과베이글150g (140g+13g),R038,몰트엑기스,7,g
PD169,무화과베이글150g (140g+13g),R068,생이스트,1,g
PD169,무화과베이글150g (140g+13g),R071,소금,1,g
PD169,무화과베이글150g (140g+13g),R102,유기농 T55,56,g
PD169,무화과베이글150g (140g+13g),R126,포도씨유,3,g
PD169,무화과베이글150g (140g+13g),R76,유기농강력(터키),24,g
PD169,무화과베이글150g (140g+13g),RM184,정제수,44,g
PD169,무화과베이글150g (140g+13g),SF001,,10,g
PD169,무화과베이글150g (140g+13g),SF006,,7,g
PD170,무화과베이글150g (140g+13g),R008,건조무화과다이스,36.6,g
PD170,무화과베이글150g (140g+13g),R038,몰트엑기스,15.3,g
PD170,무화과베이글150g (140g+13g),R068,생이스트,2.1,g
PD170,무화과베이글150g (140g+13g),R071,소금,3.6,g
PD170,무화과베이글150g (140g+13g),R102,유기농 T55,156.03,g
PD170,무화과베이글150g (140g+13g),R126,포도씨유,9,g
PD170,무화과베이글150g (140g+13g),R76,유기농강력(터키),66.87,g
PD170,무화과베이글150g (140g+13g),RM184,정제수,118.8,g
PD170,무화과베이글150g (140g+13g),SF001,,29.1,g
PD170,무화과베이글150g (140g+13g),SF006,,18.3,g
PD171,저당호밀100사워도우식빵440 덧가루 토핑,R068,생이스트,1,g
PD171,저당호밀100사워도우식빵440 덧가루 토핑,R071,소금,3,g
PD171,저당호밀100사워도우식빵440 덧가루 토핑,R143,호밀가루,152,g
PD171,저당호밀100사워도우식빵440 덧가루 토핑,RM184,정제수,101,g
PD171,저당호밀100사워도우식빵440 덧가루 토핑,SF009,,18,g
PD172,저당호밀100사워도우식빵440 덧가루 토핑,R068,생이스트,1,g
PD172,저당호밀100사워도우식빵440 덧가루 토핑,R071,소금,3,g
PD172,저당호밀100사워도우식빵440 덧가루 토핑,R143,호밀가루,152,g
PD172,저당호밀100사워도우식빵440 덧가루 토핑,RM184,정제수,101,g
PD172,저당호밀100사워도우식빵440 덧가루 토핑,SF009,,18,g
PD172,저당호밀100사워도우식빵440 덧가루 토핑,SF010,,164,g
PD173,"플레인 발효종 베이글, 1개입, 120g",R038,몰트엑기스,6.5,g
PD173,"플레인 발효종 베이글, 1개입, 120g",R068,생이스트,0.8,g
PD173,"플레인 발효종 베이글, 1개입, 120g",R071,소금,1.3,g
PD173,"플레인 발효종 베이글, 1개입, 120g",R117,유기농밀가루(제빵용),79.5,g
PD173,"플레인 발효종 베이글, 1개입, 120g",R126,포도씨유,3.3,g
PD173,"플레인 발효종 베이글, 1개입, 120g",RM184,정제수,43.7,g
PD173,"플레인 발효종 베이글, 1개입, 120g",SF001,,10.4,g
PD173,"플레인 발효종 베이글, 1개입, 120g",SF006,,6.5,g
PD174,"크렌베리 발효종 베이글, 1개입, 120g",R012,건크랜베리,12.2,g
PD174,"크렌베리 발효종 베이글, 1개입, 120g",R038,몰트엑기스,5.1,g
PD174,"크렌베리 발효종 베이글, 1개입, 120g",R068,생이스트,0.7,g
PD174,"크렌베리 발효종 베이글, 1개입, 120g",R071,소금,1.2,g
PD174,"크렌베리 발효종 베이글, 1개입, 120g",R126,포도씨유,3,g
PD174,"크렌베리 발효종 베이글, 1개입, 120g",R76,유기농강력(터키),74.3,g
PD174,"크렌베리 발효종 베이글, 1개입, 120g",RM184,정제수,39.6,g
PD174,"크렌베리 발효종 베이글, 1개입, 120g",SF001,,9.7,g
PD174,"크렌베리 발효종 베이글, 1개입, 120g",SF006,,6.1,g
PD175,"발효종 호밀통밀 베이글, 1개, 120g",R038,몰트엑기스,5.2,g
PD175,"발효종 호밀통밀 베이글, 1개, 120g",R064,비타민C,0.1,g
PD175,"발효종 호밀통밀 베이글, 1개, 120g",R068,생이스트,0.7,g
PD175,"발효종 호밀통밀 베이글, 1개, 120g",R071,소금,1.2,g
PD175,"발효종 호밀통밀 베이글, 1개, 120g",R114,통밀(사조),56.4,g
PD175,"발효종 호밀통밀 베이글, 1개, 120g",R126,포도씨유,3.1,g
PD175,"발효종 호밀통밀 베이글, 1개, 120g",R143,호밀가루,18.8,g
PD175,"발효종 호밀통밀 베이글, 1개, 120g",RM184,정제수,47.4,g
PD175,"발효종 호밀통밀 베이글, 1개, 120g",SF002,,9.9,g
PD175,"발효종 호밀통밀 베이글, 1개, 120g",SF007,,12.3,g
PD176,"고소한통밀오트밀쿠키, 1개, 180g",R048,버터,27.8,g
PD176,"고소한통밀오트밀쿠키, 1개, 180g",R049,베이킹소다,0.3,g
PD176,"고소한통밀오트밀쿠키, 1개, 180g",R053,분말(계피),1.4,g
PD176,"고소한통밀오트밀쿠키, 1개, 180g",R071,소금,0.4,g
PD176,"고소한통밀오트밀쿠키, 1개, 180g",R096,오트밀,63.2,g
PD176,"고소한통밀오트밀쿠키, 1개, 180g",R103,전란,17.4,g
PD176,"고소한통밀오트밀쿠키, 1개, 180g",RM184,정제수,3.5,g
PD177,바질페스토모닝 (쿠팡9알 )  36g~38g,R038,몰트엑기스,0.6,g
PD177,바질페스토모닝 (쿠팡9알 )  36g~38g,R040,물엿,2.8,g
PD177,바질페스토모닝 (쿠팡9알 )  36g~38g,R044,바질페스토,4.4,g
PD177,바질페스토모닝 (쿠팡9알 )  36g~38g,R048,버터,22.2,g
PD177,바질페스토모닝 (쿠팡9알 )  36g~38g,R068,생이스트,4.9,g
PD177,바질페스토모닝 (쿠팡9알 )  36g~38g,R071,소금,2.8,g
PD177,바질페스토모닝 (쿠팡9알 )  36g~38g,R100,우유,27.7,g
PD177,바질페스토모닝 (쿠팡9알 )  36g~38g,R101,유기농 T65,13.9,g
PD177,바질페스토모닝 (쿠팡9알 )  36g~38g,R102,유기농 T55,124.8,g
PD177,바질페스토모닝 (쿠팡9알 )  36g~38g,R103,전란,22.2,g
PD177,바질페스토모닝 (쿠팡9알 )  36g~38g,R137,해바라기유,8.3,g
PD177,바질페스토모닝 (쿠팡9알 )  36g~38g,R138,허브믹스,2.9,g
PD177,바질페스토모닝 (쿠팡9알 )  36g~38g,RM184,정제수,27.7,g
PD177,바질페스토모닝 (쿠팡9알 )  36g~38g,SF001,,27.7,g
PD178,얼그레이쌀치즈깜바뉴 470g,R005,햇방아쌀가루,118,g
PD178,얼그레이쌀치즈깜바뉴 470g,R012,건크랜베리,39,g
PD178,얼그레이쌀치즈깜바뉴 470g,R032,롤치즈,39,g
PD178,얼그레이쌀치즈깜바뉴 470g,R038,몰트엑기스,2.4,g
PD178,얼그레이쌀치즈깜바뉴 470g,R048,버터,11.8,g
PD178,얼그레이쌀치즈깜바뉴 470g,R068,생이스트,3.5,g
PD178,얼그레이쌀치즈깜바뉴 470g,R071,소금,2.1,g
PD178,얼그레이쌀치즈깜바뉴 470g,R088,얼그레이,3,g
PD178,얼그레이쌀치즈깜바뉴 470g,R100,우유,35.4,g
PD178,얼그레이쌀치즈깜바뉴 470g,R129,올리고당,14.2,g
PD178,얼그레이쌀치즈깜바뉴 470g,RM184,정제수,42.5,g
PD178,얼그레이쌀치즈깜바뉴 470g,SF004,,41.3,g
PD178,얼그레이쌀치즈깜바뉴 470g,SF005,,35.4,g
PD179,단호박쌀깜바뉴 470g,R005,햇방아쌀가루,141.8,g
PD179,단호박쌀깜바뉴 470g,R012,건크랜베리,42.5,g
PD179,단호박쌀깜바뉴 470g,R038,몰트엑기스,2.8,g
PD179,단호박쌀깜바뉴 470g,R048,버터,14.2,g
PD179,단호박쌀깜바뉴 470g,R056,분말(단호박),14.2,g
PD179,단호박쌀깜바뉴 470g,R068,생이스트,4.3,g
PD179,단호박쌀깜바뉴 470g,R071,소금,2.6,g
PD179,단호박쌀깜바뉴 470g,R100,우유,35.4,g
PD179,단호박쌀깜바뉴 470g,R129,올리고당,17,g
PD179,단호박쌀깜바뉴 470g,R142,호두(분태),42.5,g
PD179,단호박쌀깜바뉴 470g,RM184,정제수,42.5,g
PD179,단호박쌀깜바뉴 470g,SF004,,49.6,g
PD179,단호박쌀깜바뉴 470g,SF005,,42.5,g
PD180,"소프트베리베리치즈케이크, 1개, 180g",R018,냉동딸기,10,g
PD180,"소프트베리베리치즈케이크, 1개, 180g",R026,라임주스,1.4,g
PD180,"소프트베리베리치즈케이크, 1개, 180g",R047,백설탕,29.1,g
PD180,"소프트베리베리치즈케이크, 1개, 180g",R067,산딸기냉동퓨레,6.7,g
PD180,"소프트베리베리치즈케이크, 1개, 180g",R069,생크림,40.2,g
PD180,"소프트베리베리치즈케이크, 1개, 180g",R097,옥수수전분,5.5,g
PD180,"소프트베리베리치즈케이크, 1개, 180g",R103,전란,13.9,g
PD180,"소프트베리베리치즈케이크, 1개, 180g",R111,크림치즈,88.8,g
PD180,"소프트베리베리치즈케이크, 1개, 180g",R131,요거트,11.1,g
PD181,"소프트 블루베리치즈케이크, 1개, 180g",R019,냉동블루베리,17.8,g
PD181,"소프트 블루베리치즈케이크, 1개, 180g",R026,라임주스,1.4,g
PD181,"소프트 블루베리치즈케이크, 1개, 180g",R047,백설탕,29.1,g
PD181,"소프트 블루베리치즈케이크, 1개, 180g",R069,생크림,40.2,g
PD181,"소프트 블루베리치즈케이크, 1개, 180g",R070,유기농(설탕),2.2,g
PD181,"소프트 블루베리치즈케이크, 1개, 180g",R097,옥수수전분,5.5,g
PD181,"소프트 블루베리치즈케이크, 1개, 180g",R103,전란,13.9,g
PD181,"소프트 블루베리치즈케이크, 1개, 180g",R111,크림치즈,88.8,g
PD181,"소프트 블루베리치즈케이크, 1개, 180g",R131,요거트,11.1,g
PD182,"소프트플레인치즈케이크, 1개, 180g",R026,라임주스,1.5,g
PD182,"소프트플레인치즈케이크, 1개, 180g",R047,백설탕,32.2,g
PD182,"소프트플레인치즈케이크, 1개, 180g",R069,생크림,44.5,g
PD182,"소프트플레인치즈케이크, 1개, 180g",R097,옥수수전분,6.1,g
PD182,"소프트플레인치즈케이크, 1개, 180g",R103,전란,15.3,g
PD182,"소프트플레인치즈케이크, 1개, 180g",R111,크림치즈,98.1,g
PD183,"소프트얼그레이치즈케이크, 1개, 140g",R026,라임주스,1.1,g
PD183,"소프트얼그레이치즈케이크, 1개, 140g",R047,백설탕,22.7,g
PD183,"소프트얼그레이치즈케이크, 1개, 140g",R069,생크림,31.3,g
PD183,"소프트얼그레이치즈케이크, 1개, 140g",R088,얼그레이,2.2,g
PD183,"소프트얼그레이치즈케이크, 1개, 140g",R097,옥수수전분,4.3,g
PD183,"소프트얼그레이치즈케이크, 1개, 140g",R103,전란,10.8,g
PD183,"소프트얼그레이치즈케이크, 1개, 140g",R111,크림치즈,69.1,g
PD184,"소프트카카오치즈케이크,1개, 140g",R025,분말(코코아),3.6,g
PD184,"소프트카카오치즈케이크,1개, 140g",R026,라임주스,1,g
PD184,"소프트카카오치즈케이크,1개, 140g",R047,백설탕,21.5,g
PD184,"소프트카카오치즈케이크,1개, 140g",R069,생크림,29.7,g
PD184,"소프트카카오치즈케이크,1개, 140g",R097,옥수수전분,4.1,g
PD184,"소프트카카오치즈케이크,1개, 140g",R103,전란,10.2,g
PD184,"소프트카카오치즈케이크,1개, 140g",R111,크림치즈,65.5,g
PD184,"소프트카카오치즈케이크,1개, 140g",R131,요거트,8.2,g
PD184,"소프트카카오치즈케이크,1개, 140g",R152,다크초콜릿,11.3,g
PD185,"고소한아몬드쿠키, 1개 180g",R048,버터,27,g
PD185,"고소한아몬드쿠키, 1개 180g",R049,베이킹소다,0.3,g
PD185,"고소한아몬드쿠키, 1개 180g",R059,분말(치즈),6.1,g
PD185,"고소한아몬드쿠키, 1개 180g",R070,유기농(설탕),49.2,g
PD185,"고소한아몬드쿠키, 1개 180g",R071,소금,0.4,g
PD185,"고소한아몬드쿠키, 1개 180g",R079,아몬드슬라이스,61.4,g
PD185,"고소한아몬드쿠키, 1개 180g",R103,전란,16.9,g
PD185,"고소한아몬드쿠키, 1개 180g",R112,탈지분유,1.4,g
PD185,"고소한아몬드쿠키, 1개 180g",R77,유기농박력(터키),49.9,g
PD185,"고소한아몬드쿠키, 1개 180g",RM184,정제수,3.4,g
PD186,"통밀 발효종 베이글, 1개입, 120g",R038,몰트엑기스,5.1,g
PD186,"통밀 발효종 베이글, 1개입, 120g",R064,비타민C,0.02,g
PD186,"통밀 발효종 베이글, 1개입, 120g",R068,생이스트,0.7,g
PD186,"통밀 발효종 베이글, 1개입, 120g",R071,소금,1.2,g
PD186,"통밀 발효종 베이글, 1개입, 120g",R126,포도씨유,3,g
PD186,"통밀 발효종 베이글, 1개입, 120g",RM184,정제수,45.7,g
PD186,"통밀 발효종 베이글, 1개입, 120g",RM211,통밀(스테인메츠),74.3,g
PD186,"통밀 발효종 베이글, 1개입, 120g",SF001,,9.7,g
PD186,"통밀 발효종 베이글, 1개입, 120g",SF007,,12.2,g
PD187,"발효종 초코 베이글 ,1개, 120g",R020,다크초코칩,14,g
PD187,"발효종 초코 베이글 ,1개, 120g",R025,분말(코코아),8.8,g
PD187,"발효종 초코 베이글 ,1개, 120g",R038,몰트엑기스,4.9,g
PD187,"발효종 초코 베이글 ,1개, 120g",R068,생이스트,0.7,g
PD187,"발효종 초코 베이글 ,1개, 120g",R071,소금,1.2,g
PD187,"발효종 초코 베이글 ,1개, 120g",R126,포도씨유,2.9,g
PD187,"발효종 초코 베이글 ,1개, 120g",R76,유기농강력(터키),61.7,g
PD187,"발효종 초코 베이글 ,1개, 120g",RM184,정제수,45.6,g
PD187,"발효종 초코 베이글 ,1개, 120g",SF001,,9.3,g
PD187,"발효종 초코 베이글 ,1개, 120g",SF006,,5.8,g
PD188,"쌀 발효종 쑥 깜바뉴, 1개, 400g",R005,햇방아쌀가루,135.4,g
PD188,"쌀 발효종 쑥 깜바뉴, 1개, 400g",R012,건크랜베리,40.6,g
PD188,"쌀 발효종 쑥 깜바뉴, 1개, 400g",R038,몰트엑기스,2.7,g
PD188,"쌀 발효종 쑥 깜바뉴, 1개, 400g",R048,버터,13.5,g
PD188,"쌀 발효종 쑥 깜바뉴, 1개, 400g",R058,분말(쑥),13.5,g
PD188,"쌀 발효종 쑥 깜바뉴, 1개, 400g",R068,생이스트,4.1,g
PD188,"쌀 발효종 쑥 깜바뉴, 1개, 400g",R071,소금,2.4,g
PD188,"쌀 발효종 쑥 깜바뉴, 1개, 400g",R100,우유,40.6,g
PD188,"쌀 발효종 쑥 깜바뉴, 1개, 400g",R129,올리고당,16.2,g
PD188,"쌀 발효종 쑥 깜바뉴, 1개, 400g",R136,해바라기씨,33.8,g
PD188,"쌀 발효종 쑥 깜바뉴, 1개, 400g",RM184,정제수,47.4,g
PD188,"쌀 발효종 쑥 깜바뉴, 1개, 400g",SF004,,54.2,g
PD188,"쌀 발효종 쑥 깜바뉴, 1개, 400g",SF005,,47.4,g
PD189,"쌀 발효종 단호박 식빵, 1개, 220g",R005,햇방아쌀가루,78.4,g
PD189,"쌀 발효종 단호박 식빵, 1개, 220g",R012,건크랜베리,23.5,g
PD189,"쌀 발효종 단호박 식빵, 1개, 220g",R038,몰트엑기스,1.6,g
PD189,"쌀 발효종 단호박 식빵, 1개, 220g",R048,버터,7.8,g
PD189,"쌀 발효종 단호박 식빵, 1개, 220g",R056,분말(단호박),7.8,g
PD189,"쌀 발효종 단호박 식빵, 1개, 220g",R068,생이스트,2.4,g
PD189,"쌀 발효종 단호박 식빵, 1개, 220g",R071,소금,1.4,g
PD189,"쌀 발효종 단호박 식빵, 1개, 220g",R100,우유,19.6,g
PD189,"쌀 발효종 단호박 식빵, 1개, 220g",R129,올리고당,9.4,g
PD189,"쌀 발효종 단호박 식빵, 1개, 220g",R142,호두(분태),23.5,g
PD189,"쌀 발효종 단호박 식빵, 1개, 220g",RM184,정제수,23.5,g
PD189,"쌀 발효종 단호박 식빵, 1개, 220g",SF004,,27.4,g
PD189,"쌀 발효종 단호박 식빵, 1개, 220g",SF005,,23.5,g
PD190,"저당 쌀 플랫 브레드, 1개, 352g(88*4)",R005,햇방아쌀가루,149,g
PD190,"저당 쌀 플랫 브레드, 1개, 352g(88*4)",R038,몰트엑기스,3.3,g
PD190,"저당 쌀 플랫 브레드, 1개, 352g(88*4)",R048,버터,16.6,g
PD190,"저당 쌀 플랫 브레드, 1개, 352g(88*4)",R068,생이스트,5,g
PD190,"저당 쌀 플랫 브레드, 1개, 352g(88*4)",R071,소금,3.3,g
PD190,"저당 쌀 플랫 브레드, 1개, 352g(88*4)",R100,우유,57.9,g
PD190,"저당 쌀 플랫 브레드, 1개, 352g(88*4)",R129,올리고당,19.9,g
PD190,"저당 쌀 플랫 브레드, 1개, 352g(88*4)",RM184,정제수,57.9,g
PD190,"저당 쌀 플랫 브레드, 1개, 352g(88*4)",SF004,,49.7,g
PD190,"저당 쌀 플랫 브레드, 1개, 352g(88*4)",SF005,,41.4,g
PD192,"아몬드토끼쿠키, 1개, 180g",R005,햇방아쌀가루,92.2,g
PD192,"아몬드토끼쿠키, 1개, 180g",R017,난황,13.9,g
PD192,"아몬드토끼쿠키, 1개, 180g",R038,몰트엑기스,2,g
PD192,"아몬드토끼쿠키, 1개, 180g",R048,버터,51.9,g
PD192,"아몬드토끼쿠키, 1개, 180g",R068,생이스트,3.1,g
PD192,"아몬드토끼쿠키, 1개, 180g",R071,소금,0.5,g
PD192,"아몬드토끼쿠키, 1개, 180g",R078,아몬드분말95,30.6,g
PD192,"아몬드토끼쿠키, 1개, 180g",R100,우유,35.9,g
PD192,"아몬드토끼쿠키, 1개, 180g",R77,유기농박력(터키),73.4,g
PD192,"아몬드토끼쿠키, 1개, 180g",RM184,정제수,35.9,g
PD192,"아몬드토끼쿠키, 1개, 180g",SF004,,30.7,g
PD192,"아몬드토끼쿠키, 1개, 180g",SF005,,25.6,g
PD193,"사브레 더블딥초코쿠키, 1개, 180g",R020,다크초코칩,9.6,g
PD193,"사브레 더블딥초코쿠키, 1개, 180g",R025,분말(코코아),1.6,g
PD193,"사브레 더블딥초코쿠키, 1개, 180g",R048,버터,49,g
PD193,"사브레 더블딥초코쿠키, 1개, 180g",R070,유기농(설탕),42,g
PD193,"사브레 더블딥초코쿠키, 1개, 180g",R071,소금,0.5,g
PD193,"사브레 더블딥초코쿠키, 1개, 180g",R103,전란,8.4,g
PD193,"사브레 더블딥초코쿠키, 1개, 180g",R152,다크초콜릿,9.8,g
PD193,"사브레 더블딥초코쿠키, 1개, 180g",R153,화이트초콜릿,16,g
PD193,"사브레 더블딥초코쿠키, 1개, 180g",R77,유기농박력(터키),70,g
PD194,병아리콩 토마토 사워도우 슬랩 400g,R038,몰트엑기스,3,g
PD194,병아리콩 토마토 사워도우 슬랩 400g,R102,유기농 T55,247,g
PD194,병아리콩 토마토 사워도우 슬랩 400g,R149,반건조 토마토,82,g
PD194,병아리콩 토마토 사워도우 슬랩 400g,RM184,정제수,225,g
PD194,병아리콩 토마토 사워도우 슬랩 400g,RM211,통밀(스테인메츠),27,g
PD194,병아리콩 토마토 사워도우 슬랩 400g,RM999,병아리콩,44,g
PD194,병아리콩 토마토 사워도우 슬랩 400g,SF001,,55,g
PD194,병아리콩 토마토 사워도우 슬랩 400g,SF003,,63,g
PD195,병아리콩 토마토 사워도우 슬랩 400g,R038,몰트엑기스,3,g
PD195,병아리콩 토마토 사워도우 슬랩 400g,R102,유기농 T55,247,g
PD195,병아리콩 토마토 사워도우 슬랩 400g,R149,반건조 토마토,82,g
PD195,병아리콩 토마토 사워도우 슬랩 400g,RM184,정제수,225,g
PD195,병아리콩 토마토 사워도우 슬랩 400g,RM211,통밀(스테인메츠),27,g
PD195,병아리콩 토마토 사워도우 슬랩 400g,RM999,병아리콩,44,g
PD195,병아리콩 토마토 사워도우 슬랩 400g,SF001,,55,g
PD195,병아리콩 토마토 사워도우 슬랩 400g,SF003,,63,g
PD196,병아리콩 토마토 사워도우 깜빠뉴800g,R038,몰트엑기스,3,g
PD196,병아리콩 토마토 사워도우 깜빠뉴800g,R071,소금,5,g
PD196,병아리콩 토마토 사워도우 깜빠뉴800g,R102,유기농 T55,247,g
PD196,병아리콩 토마토 사워도우 깜빠뉴800g,R149,반건조 토마토,82,g
PD196,병아리콩 토마토 사워도우 깜빠뉴800g,RM184,정제수,225,g
PD196,병아리콩 토마토 사워도우 깜빠뉴800g,RM211,통밀(스테인메츠),27,g
PD196,병아리콩 토마토 사워도우 깜빠뉴800g,RM999,병아리콩,44,g
PD196,병아리콩 토마토 사워도우 깜빠뉴800g,SF001,,55,g
PD196,병아리콩 토마토 사워도우 깜빠뉴800g,SF003,,63,g
